-- MySQL dump 10.13  Distrib 8.0.25, for Win64 (x86_64)
--
-- Host: localhost    Database: vk
-- ------------------------------------------------------
-- Server version	8.0.25

/*!40101 SET @OLD_CHARACTER_SET_CLIENT=@@CHARACTER_SET_CLIENT */;
/*!40101 SET @OLD_CHARACTER_SET_RESULTS=@@CHARACTER_SET_RESULTS */;
/*!40101 SET @OLD_COLLATION_CONNECTION=@@COLLATION_CONNECTION */;
/*!50503 SET NAMES utf8mb4 */;
/*!40103 SET @OLD_TIME_ZONE=@@TIME_ZONE */;
/*!40103 SET TIME_ZONE='+00:00' */;
/*!40014 SET @OLD_UNIQUE_CHECKS=@@UNIQUE_CHECKS, UNIQUE_CHECKS=0 */;
/*!40014 SET @OLD_FOREIGN_KEY_CHECKS=@@FOREIGN_KEY_CHECKS, FOREIGN_KEY_CHECKS=0 */;
/*!40101 SET @OLD_SQL_MODE=@@SQL_MODE, SQL_MODE='NO_AUTO_VALUE_ON_ZERO' */;
/*!40111 SET @OLD_SQL_NOTES=@@SQL_NOTES, SQL_NOTES=0 */;

--
-- Table structure for table `cities`
--

DROP TABLE IF EXISTS `cities`;
/*!40101 SET @saved_cs_client     = @@character_set_client */;
/*!50503 SET character_set_client = utf8mb4 */;
CREATE TABLE `cities` (
  `id` int unsigned NOT NULL AUTO_INCREMENT,
  `name` varchar(150) CHARACTER SET utf8mb4 COLLATE utf8mb4_unicode_ci NOT NULL,
  `country_id` int unsigned DEFAULT NULL,
  PRIMARY KEY (`id`),
  KEY `cities_countries_id_fk` (`country_id`),
  CONSTRAINT `cities_countries_id_fk` FOREIGN KEY (`country_id`) REFERENCES `countries` (`id`)
) ENGINE=InnoDB AUTO_INCREMENT=51 DEFAULT CHARSET=utf8mb4 COLLATE=utf8mb4_unicode_ci;
/*!40101 SET character_set_client = @saved_cs_client */;

--
-- Dumping data for table `cities`
--

LOCK TABLES `cities` WRITE;
/*!40000 ALTER TABLE `cities` DISABLE KEYS */;
INSERT INTO `cities` VALUES (1,'Virginiahaven',4),(2,'Lake Stephany',1),(3,'Ellisview',10),(4,'North Pierce',10),(5,'Marieport',2),(6,'South Charlie',7),(7,'West Layneton',3),(8,'East Brielleport',4),(9,'West Christine',4),(10,'West Donavonstad',5),(11,'East Heleneside',4),(12,'Kristoferton',6),(13,'Port Gabrielleview',2),(14,'Jerdebury',9),(15,'Keeblerburgh',8),(16,'Grahamtown',7),(17,'New Ryanshire',2),(18,'Harveyburgh',9),(19,'Ethabury',4),(20,'East Nickolasberg',8),(21,'Quitzontown',8),(22,'Eichmannburgh',4),(23,'Gislasonview',6),(24,'East Shauntown',2),(25,'South Johnny',4),(26,'East Eleanore',3),(27,'Lake Conrad',10),(28,'New Danielaborough',1),(29,'Bechtelarland',5),(30,'Devynshire',9),(31,'Bartolettiberg',9),(32,'East Maurice',5),(33,'Selinachester',5),(34,'Pollichton',9),(35,'Lake Beverly',5),(36,'Rempelberg',6),(37,'Port Rocio',3),(38,'South Darlene',6),(39,'North Consuelo',6),(40,'Thompsonfurt',1),(41,'North Mayeland',8),(42,'North Renestad',9),(43,'Dietrichfurt',1),(44,'Port Caseyfort',8),(45,'South Kristofferfort',5),(46,'South Karashire',1),(47,'New Alvina',4),(48,'Port Cicero',7),(49,'Rutherfordshire',8),(50,'East Marvinfort',6);
/*!40000 ALTER TABLE `cities` ENABLE KEYS */;
UNLOCK TABLES;

--
-- Table structure for table `communities`
--

DROP TABLE IF EXISTS `communities`;
/*!40101 SET @saved_cs_client     = @@character_set_client */;
/*!50503 SET character_set_client = utf8mb4 */;
CREATE TABLE `communities` (
  `id` int unsigned NOT NULL AUTO_INCREMENT COMMENT 'Идентификатор сроки',
  `name` varchar(150) CHARACTER SET utf8mb4 COLLATE utf8mb4_unicode_ci NOT NULL COMMENT 'Название группы',
  `created_at` datetime DEFAULT CURRENT_TIMESTAMP COMMENT 'Время создания строки',
  `updated_at` datetime DEFAULT CURRENT_TIMESTAMP ON UPDATE CURRENT_TIMESTAMP COMMENT 'Время обновления строки',
  PRIMARY KEY (`id`),
  UNIQUE KEY `name` (`name`)
) ENGINE=InnoDB AUTO_INCREMENT=11 DEFAULT CHARSET=utf8mb4 COLLATE=utf8mb4_unicode_ci COMMENT='Группы';
/*!40101 SET character_set_client = @saved_cs_client */;

--
-- Dumping data for table `communities`
--

LOCK TABLES `communities` WRITE;
/*!40000 ALTER TABLE `communities` DISABLE KEYS */;
INSERT INTO `communities` VALUES (1,'Id qui nesciunt.','2020-08-03 13:49:30','2021-02-12 20:33:07'),(2,'Nemo architecto cupiditate laudantium.','2015-01-06 01:43:07','2020-11-13 08:14:58'),(3,'Eum at saepe occaecati.','2017-09-23 15:33:47','2021-01-04 08:51:27'),(4,'Aliquid omnis minus doloremque.','2013-03-28 03:05:22','2021-06-28 10:35:36'),(5,'Sit exercitationem nesciunt.','2016-12-02 10:13:34','2020-11-02 07:34:47'),(6,'Iure aut dolorum.','2015-12-03 09:25:19','2021-03-09 11:46:40'),(7,'Voluptas temporibus sed eum.','2019-09-19 16:45:51','2020-10-14 22:07:36'),(8,'Voluptatem provident eveniet exercitationem.','2011-11-05 20:18:20','2021-03-15 17:13:00'),(9,'Soluta dolores dolor iure.','2011-12-27 10:51:30','2021-07-04 07:49:43'),(10,'Magni molestiae totam.','2016-05-13 22:54:19','2020-09-12 08:55:12');
/*!40000 ALTER TABLE `communities` ENABLE KEYS */;
UNLOCK TABLES;

--
-- Table structure for table `communities_users`
--

DROP TABLE IF EXISTS `communities_users`;
/*!40101 SET @saved_cs_client     = @@character_set_client */;
/*!50503 SET character_set_client = utf8mb4 */;
CREATE TABLE `communities_users` (
  `community_id` int unsigned NOT NULL COMMENT 'Ссылка на группу',
  `user_id` int unsigned NOT NULL COMMENT 'Ссылка на пользователя',
  `created_at` datetime DEFAULT CURRENT_TIMESTAMP COMMENT 'Время создания строки',
  PRIMARY KEY (`community_id`,`user_id`) COMMENT 'Составной первичный ключ',
  KEY `communities_users_id_fk` (`user_id`),
  CONSTRAINT `communities_users_id_fk` FOREIGN KEY (`user_id`) REFERENCES `users` (`id`) ON DELETE CASCADE,
  CONSTRAINT `community_users_id_fk` FOREIGN KEY (`community_id`) REFERENCES `communities` (`id`) ON DELETE CASCADE
) ENGINE=InnoDB DEFAULT CHARSET=utf8mb4 COLLATE=utf8mb4_unicode_ci COMMENT='Участники групп, связь между пользователями и группами';
/*!40101 SET character_set_client = @saved_cs_client */;

--
-- Dumping data for table `communities_users`
--

LOCK TABLES `communities_users` WRITE;
/*!40000 ALTER TABLE `communities_users` DISABLE KEYS */;
INSERT INTO `communities_users` VALUES (1,14,'2020-12-10 08:40:52'),(1,25,'2020-07-22 06:09:51'),(1,32,'2021-06-17 19:13:45'),(1,38,'2020-08-01 06:21:09'),(1,52,'2020-11-27 08:33:48'),(1,55,'2020-09-01 08:06:12'),(1,91,'2020-07-26 05:01:33'),(1,95,'2021-03-19 03:28:26'),(2,10,'2020-12-06 03:33:08'),(2,37,'2020-07-14 03:00:37'),(2,40,'2021-04-24 05:14:30'),(2,57,'2021-03-23 13:19:23'),(2,69,'2021-05-22 20:08:08'),(2,70,'2021-03-19 02:20:06'),(3,2,'2021-03-20 21:45:01'),(3,8,'2021-02-25 03:19:28'),(3,9,'2020-07-25 09:27:11'),(3,12,'2021-07-06 05:59:47'),(3,42,'2021-05-27 10:08:31'),(3,59,'2021-01-05 05:15:58'),(3,82,'2021-05-07 05:26:15'),(3,92,'2021-06-05 09:41:09'),(3,93,'2020-07-09 16:33:33'),(4,7,'2020-10-15 14:07:10'),(4,13,'2020-11-19 07:58:45'),(4,17,'2020-10-14 07:26:15'),(4,22,'2020-09-05 11:09:33'),(4,35,'2021-01-10 14:35:28'),(4,47,'2021-03-17 03:55:47'),(4,49,'2020-12-27 05:14:52'),(4,61,'2020-07-30 19:36:41'),(4,62,'2021-05-14 23:00:35'),(4,64,'2020-11-12 16:22:54'),(4,71,'2021-03-24 05:41:30'),(4,75,'2021-05-02 20:16:23'),(5,36,'2021-07-02 23:19:24'),(5,39,'2020-09-21 13:39:29'),(5,43,'2021-02-21 04:31:02'),(5,78,'2020-09-08 04:42:32'),(5,80,'2021-03-09 15:17:17'),(5,94,'2021-06-18 03:37:40'),(6,1,'2020-07-14 17:25:39'),(6,11,'2020-08-08 02:01:48'),(6,30,'2021-02-11 01:11:02'),(6,33,'2020-11-29 04:12:01'),(6,34,'2021-06-07 12:10:35'),(6,44,'2021-05-19 02:10:33'),(6,83,'2020-09-04 10:31:44'),(6,84,'2020-12-31 05:13:10'),(6,86,'2020-09-11 06:54:10'),(6,98,'2021-03-05 12:31:14'),(6,100,'2021-04-23 04:49:31'),(7,3,'2021-05-23 08:58:24'),(7,19,'2021-03-08 19:41:15'),(7,20,'2020-10-24 04:20:34'),(7,23,'2020-10-29 07:15:46'),(7,48,'2020-11-03 12:56:37'),(7,72,'2021-05-06 01:05:08'),(7,74,'2021-06-13 08:12:01'),(7,76,'2021-02-16 23:16:38'),(7,81,'2020-11-22 16:30:03'),(7,87,'2021-05-13 03:17:23'),(8,4,'2021-06-08 08:49:01'),(8,6,'2021-01-07 22:01:54'),(8,18,'2020-12-13 23:03:16'),(8,24,'2021-03-07 14:29:03'),(8,26,'2021-07-03 01:11:53'),(8,29,'2021-03-10 13:17:39'),(8,60,'2021-01-17 09:56:56'),(8,85,'2021-05-25 09:24:38'),(8,88,'2020-09-25 18:52:18'),(8,96,'2021-01-17 13:23:04'),(8,99,'2020-08-16 15:53:48'),(9,5,'2020-10-19 01:08:00'),(9,16,'2021-02-14 16:56:34'),(9,27,'2020-10-02 00:20:16'),(9,28,'2021-05-01 12:27:23'),(9,45,'2020-11-26 07:34:02'),(9,46,'2021-01-14 01:24:02'),(9,50,'2021-01-06 17:59:03'),(9,51,'2020-09-05 04:02:14'),(9,53,'2021-06-08 17:25:44'),(9,56,'2021-04-20 21:52:22'),(9,63,'2021-03-03 13:13:35'),(9,66,'2020-12-11 20:28:21'),(9,67,'2021-02-27 23:32:43'),(9,68,'2021-04-26 07:23:49'),(9,73,'2021-05-31 12:26:19'),(9,77,'2021-01-29 12:11:44'),(9,79,'2021-06-29 17:18:55'),(9,89,'2021-02-02 00:27:21'),(9,97,'2021-04-11 14:34:38'),(10,15,'2020-10-03 08:26:46'),(10,21,'2020-07-15 15:05:10'),(10,31,'2020-11-24 00:05:56'),(10,41,'2021-04-29 20:59:27'),(10,54,'2020-09-15 07:35:01'),(10,58,'2021-04-08 02:37:06'),(10,65,'2020-10-24 23:37:03'),(10,90,'2021-01-17 08:34:43');
/*!40000 ALTER TABLE `communities_users` ENABLE KEYS */;
UNLOCK TABLES;

--
-- Table structure for table `countries`
--

DROP TABLE IF EXISTS `countries`;
/*!40101 SET @saved_cs_client     = @@character_set_client */;
/*!50503 SET character_set_client = utf8mb4 */;
CREATE TABLE `countries` (
  `id` int unsigned NOT NULL AUTO_INCREMENT,
  `name` varchar(150) CHARACTER SET utf8mb4 COLLATE utf8mb4_unicode_ci NOT NULL,
  PRIMARY KEY (`id`)
) ENGINE=InnoDB AUTO_INCREMENT=11 DEFAULT CHARSET=utf8mb4 COLLATE=utf8mb4_unicode_ci;
/*!40101 SET character_set_client = @saved_cs_client */;

--
-- Dumping data for table `countries`
--

LOCK TABLES `countries` WRITE;
/*!40000 ALTER TABLE `countries` DISABLE KEYS */;
INSERT INTO `countries` VALUES (1,'French Guiana'),(2,'Palestinian Territory'),(3,'Netherlands'),(4,'Iraq'),(5,'Albania'),(6,'Madagascar'),(7,'Saint Barthelemy'),(8,'United States Minor Outlying Islands'),(9,'Kenya'),(10,'Angola');
/*!40000 ALTER TABLE `countries` ENABLE KEYS */;
UNLOCK TABLES;

--
-- Table structure for table `friendship`
--

DROP TABLE IF EXISTS `friendship`;
/*!40101 SET @saved_cs_client     = @@character_set_client */;
/*!50503 SET character_set_client = utf8mb4 */;
CREATE TABLE `friendship` (
  `user_id` int unsigned NOT NULL COMMENT 'Ссылка на инициатора дружеских отношений',
  `friend_id` int unsigned NOT NULL COMMENT 'Ссылка на получателя приглашения дружить',
  `friendship_status_id` int unsigned NOT NULL COMMENT 'Ссылка на статус (текущее состояние) отношений',
  `confirmed_at` datetime DEFAULT NULL COMMENT 'Время подтверждения приглашения',
  `created_at` datetime DEFAULT CURRENT_TIMESTAMP COMMENT 'Время создания строки',
  `updated_at` datetime DEFAULT CURRENT_TIMESTAMP ON UPDATE CURRENT_TIMESTAMP COMMENT 'Время обновления строки',
  PRIMARY KEY (`user_id`,`friend_id`) COMMENT 'Составной первичный ключ',
  KEY `friendship_friend_id_fk` (`friend_id`),
  KEY `friendship_statuses_id_fk` (`friendship_status_id`),
  CONSTRAINT `friendship_friend_id_fk` FOREIGN KEY (`friend_id`) REFERENCES `users` (`id`) ON DELETE CASCADE,
  CONSTRAINT `friendship_statuses_id_fk` FOREIGN KEY (`friendship_status_id`) REFERENCES `friendship_statuses` (`id`),
  CONSTRAINT `friendship_user_id_fk` FOREIGN KEY (`user_id`) REFERENCES `users` (`id`) ON DELETE CASCADE
) ENGINE=InnoDB DEFAULT CHARSET=utf8mb4 COLLATE=utf8mb4_unicode_ci COMMENT='Таблица дружбы';
/*!40101 SET character_set_client = @saved_cs_client */;

--
-- Dumping data for table `friendship`
--

LOCK TABLES `friendship` WRITE;
/*!40000 ALTER TABLE `friendship` DISABLE KEYS */;
INSERT INTO `friendship` VALUES (1,61,2,'2021-03-06 18:00:59','2020-12-03 17:40:06','2021-07-11 23:18:55'),(2,25,2,'2021-03-06 06:27:40','2021-03-23 07:59:40','2021-07-11 23:18:55'),(3,43,2,'2021-03-29 15:57:37','2020-12-29 14:34:09','2021-07-11 23:18:55'),(4,38,3,'2021-04-01 13:07:10','2020-10-30 10:36:48','2021-07-11 23:18:55'),(5,59,3,'2020-12-01 12:25:35','2021-04-02 04:13:16','2021-07-11 23:18:55'),(6,82,1,'2021-03-12 12:49:35','2021-05-27 11:08:44','2021-07-11 23:18:55'),(7,31,3,'2021-05-17 06:41:10','2020-12-14 09:36:40','2021-07-11 23:18:55'),(8,10,1,'2021-06-08 01:56:51','2020-10-26 12:11:05','2021-07-11 23:18:55'),(9,55,1,'2021-03-13 01:46:49','2021-02-23 16:07:33','2021-07-11 23:18:55'),(10,46,1,'2021-04-21 20:18:27','2021-05-18 19:34:10','2021-07-11 23:18:55'),(11,64,3,'2020-11-18 22:31:58','2021-06-01 17:58:01','2021-07-11 23:18:55'),(12,80,1,'2021-01-08 13:37:06','2021-03-23 04:55:19','2021-07-11 23:18:55'),(13,8,2,'2020-10-18 08:32:59','2020-11-29 21:56:33','2021-07-11 23:18:55'),(14,100,3,'2020-11-07 15:49:21','2020-12-16 10:50:08','2021-07-11 23:18:55'),(15,77,3,'2020-09-21 06:36:35','2020-11-26 16:14:56','2021-07-11 23:18:55'),(16,82,2,'2021-06-05 10:09:49','2020-07-29 09:33:40','2021-07-11 23:18:55'),(17,79,1,'2020-12-08 15:09:42','2021-06-10 10:35:07','2021-07-11 23:18:55'),(18,47,1,'2021-01-17 11:20:45','2020-11-12 07:29:05','2021-07-11 23:18:55'),(19,99,1,'2020-08-14 13:02:49','2020-10-29 13:24:46','2021-07-11 23:18:55'),(20,54,2,'2020-12-02 00:48:25','2020-10-26 22:50:52','2021-07-11 23:18:55'),(21,74,2,'2020-12-28 20:10:47','2020-09-14 11:35:58','2021-07-11 23:18:55'),(22,7,3,'2020-08-19 05:14:32','2021-05-12 03:06:16','2021-07-11 23:18:55'),(23,10,1,'2020-12-08 16:37:48','2020-10-30 12:51:41','2021-07-11 23:18:55'),(24,30,1,'2021-01-18 22:25:06','2021-05-09 12:30:16','2021-07-11 23:18:55'),(25,19,3,'2021-03-16 03:01:32','2020-08-24 18:13:46','2021-07-11 23:18:55'),(26,6,2,'2021-04-10 09:31:01','2020-10-02 12:51:15','2021-07-11 23:18:55'),(27,70,1,'2020-11-17 04:15:58','2020-10-24 02:26:27','2021-07-11 23:18:55'),(28,33,2,'2021-01-06 23:10:02','2020-12-03 10:53:30','2021-07-11 23:18:55'),(29,54,3,'2021-06-06 09:13:00','2020-09-18 00:12:20','2021-07-11 23:18:55'),(30,73,2,'2020-12-27 04:13:01','2021-04-04 22:32:02','2021-07-11 23:18:55'),(31,100,1,'2021-06-16 21:43:53','2020-08-24 17:08:45','2021-07-11 23:18:55'),(32,80,3,'2020-07-29 20:28:53','2020-11-22 11:23:59','2021-07-11 23:18:55'),(33,1,2,'2021-01-21 02:43:02','2021-03-09 01:13:06','2021-07-11 23:18:55'),(34,66,3,'2021-01-01 04:38:02','2020-10-25 10:51:42','2021-07-11 23:18:55'),(35,23,2,'2021-04-16 00:09:26','2021-01-31 01:41:14','2021-07-11 23:18:55'),(36,19,1,'2020-12-13 17:11:54','2020-09-04 17:17:17','2021-07-11 23:18:55'),(37,24,1,'2021-05-19 13:16:22','2021-03-03 14:15:34','2021-07-11 23:18:55'),(38,65,1,'2021-02-12 00:23:44','2021-01-08 03:20:54','2021-07-11 23:18:55'),(39,51,3,'2021-07-08 17:39:18','2021-06-10 10:05:30','2021-07-11 23:18:55'),(40,57,3,'2020-11-13 22:45:27','2021-02-02 07:12:26','2021-07-11 23:18:55'),(41,35,3,'2020-12-02 01:15:37','2021-05-24 09:18:45','2021-07-11 23:18:55'),(42,4,3,'2021-07-04 14:02:46','2020-10-11 11:10:44','2021-07-11 23:18:55'),(43,12,2,'2021-03-04 05:47:41','2021-01-07 06:39:57','2021-07-11 23:18:55'),(44,48,2,'2021-05-06 22:27:22','2021-06-21 22:22:23','2021-07-11 23:18:55'),(45,4,3,'2020-11-16 03:20:09','2020-07-18 15:52:39','2021-07-11 23:18:55'),(46,76,2,'2021-02-26 05:55:43','2021-05-01 18:48:43','2021-07-11 23:18:55'),(47,68,2,'2020-10-10 08:26:10','2020-11-17 19:01:25','2021-07-11 23:18:55'),(48,12,3,'2020-11-26 23:27:57','2020-07-19 00:43:24','2021-07-11 23:18:55'),(49,54,1,'2020-08-16 09:50:56','2020-08-29 05:33:12','2021-07-11 23:18:55'),(50,33,1,'2020-08-10 18:06:36','2020-10-30 20:58:39','2021-07-11 23:18:55'),(51,2,3,'2020-10-26 06:31:22','2021-04-23 21:34:11','2021-07-11 23:18:55'),(52,13,1,'2020-08-02 01:57:15','2020-08-21 21:09:30','2021-07-11 23:18:55'),(53,56,1,'2020-12-24 19:21:48','2021-04-16 23:26:24','2021-07-11 23:18:55'),(54,40,1,'2021-01-01 03:20:57','2020-08-01 13:36:28','2021-07-11 23:18:55'),(55,34,1,'2021-03-21 05:10:35','2021-06-25 01:48:31','2021-07-11 23:18:55'),(56,47,1,'2020-12-15 06:52:17','2020-12-06 12:09:46','2021-07-11 23:18:55'),(57,33,2,'2021-05-17 02:18:26','2021-02-08 00:27:45','2021-07-11 23:18:55'),(58,24,2,'2021-02-03 05:19:50','2020-12-29 10:18:35','2021-07-11 23:18:55'),(59,20,1,'2020-09-14 04:23:58','2021-04-18 16:16:19','2021-07-11 23:18:55'),(60,28,1,'2021-03-06 22:50:40','2021-02-15 02:22:51','2021-07-11 23:18:55'),(61,78,2,'2020-07-18 12:51:57','2020-08-23 17:17:47','2021-07-11 23:18:55'),(62,9,2,'2021-02-03 06:15:06','2021-02-02 05:31:20','2021-07-11 23:18:55'),(63,7,1,'2021-01-04 10:05:40','2021-01-23 01:39:39','2021-07-11 23:18:55'),(64,8,1,'2020-12-10 16:22:51','2020-08-21 19:00:56','2021-07-11 23:18:55'),(65,19,1,'2020-11-26 22:23:37','2021-05-22 04:38:46','2021-07-11 23:18:55'),(66,71,2,'2021-04-19 17:23:49','2021-01-14 17:47:51','2021-07-11 23:18:55'),(67,97,2,'2020-07-20 22:04:23','2021-04-10 16:35:16','2021-07-11 23:18:55'),(68,70,2,'2020-12-11 01:31:57','2021-01-17 01:27:26','2021-07-11 23:18:55'),(69,57,1,'2020-12-26 14:56:57','2020-09-24 15:04:28','2021-07-11 23:18:55'),(70,78,2,'2021-04-11 07:38:56','2021-06-06 12:36:42','2021-07-11 23:18:55'),(71,19,2,'2021-02-03 00:12:45','2020-08-15 22:46:58','2021-07-11 23:18:55'),(72,60,1,'2020-10-30 23:40:10','2021-03-14 19:02:53','2021-07-11 23:18:55'),(73,40,1,'2020-09-04 14:50:28','2020-12-30 12:43:09','2021-07-11 23:18:55'),(74,22,3,'2021-01-07 02:30:57','2021-01-16 09:57:56','2021-07-11 23:18:55'),(75,87,2,'2021-02-09 15:03:24','2021-01-25 10:03:52','2021-07-11 23:18:55'),(76,70,3,'2021-01-01 06:08:57','2021-02-03 03:29:56','2021-07-11 23:18:55'),(77,90,1,'2021-04-19 22:07:29','2021-06-03 13:59:47','2021-07-11 23:18:55'),(78,36,1,'2020-07-20 08:54:55','2021-02-13 11:51:38','2021-07-11 23:18:55'),(79,12,1,'2020-08-11 06:03:29','2021-01-03 06:31:47','2021-07-11 23:18:55'),(80,52,2,'2021-03-26 12:35:20','2020-11-02 04:00:47','2021-07-11 23:18:55'),(81,21,3,'2021-03-08 15:38:05','2020-12-13 22:44:07','2021-07-11 23:18:55'),(82,51,3,'2020-10-22 06:30:47','2021-02-09 04:39:25','2021-07-11 23:18:55'),(83,93,2,'2021-02-03 07:20:36','2020-09-04 18:52:24','2021-07-11 23:18:55'),(84,9,1,'2021-01-10 15:54:10','2021-05-30 19:55:29','2021-07-11 23:18:55'),(85,64,1,'2020-12-15 15:39:40','2020-08-25 06:42:56','2021-07-11 23:18:55'),(86,96,1,'2021-05-28 03:39:38','2020-12-09 17:21:50','2021-07-11 23:18:55'),(87,86,3,'2020-09-06 11:42:11','2021-06-04 01:24:59','2021-07-11 23:18:55'),(88,40,2,'2021-01-18 18:03:44','2021-05-18 21:31:34','2021-07-11 23:18:55'),(89,43,3,'2021-01-29 06:14:42','2020-09-05 06:32:04','2021-07-11 23:18:55'),(90,95,2,'2021-03-07 12:29:32','2021-04-06 20:24:23','2021-07-11 23:18:55'),(91,43,2,'2021-01-29 19:33:49','2020-11-17 07:18:47','2021-07-11 23:18:55'),(92,31,3,'2021-05-15 14:29:43','2020-11-19 17:57:10','2021-07-11 23:18:55'),(93,26,2,'2021-01-13 10:24:44','2020-08-27 06:42:57','2021-07-11 23:18:55'),(94,36,3,'2020-10-06 19:45:31','2020-08-21 21:53:35','2021-07-11 23:18:55'),(95,1,3,'2021-02-15 21:44:43','2021-01-20 23:23:47','2021-07-11 23:18:55'),(96,95,2,'2020-08-12 08:02:45','2020-09-10 20:13:44','2021-07-11 23:18:55'),(97,73,3,'2021-04-25 20:20:12','2021-06-07 11:55:03','2021-07-11 23:18:55'),(98,77,2,'2020-10-19 13:31:24','2021-04-26 22:41:33','2021-07-11 23:18:55'),(99,69,3,'2020-10-06 01:11:04','2021-06-07 22:06:22','2021-07-11 23:18:55'),(100,13,3,'2021-03-28 08:50:01','2020-11-16 08:18:17','2021-07-11 23:18:55');
/*!40000 ALTER TABLE `friendship` ENABLE KEYS */;
UNLOCK TABLES;

--
-- Table structure for table `friendship_statuses`
--

DROP TABLE IF EXISTS `friendship_statuses`;
/*!40101 SET @saved_cs_client     = @@character_set_client */;
/*!50503 SET character_set_client = utf8mb4 */;
CREATE TABLE `friendship_statuses` (
  `id` int unsigned NOT NULL AUTO_INCREMENT COMMENT 'Идентификатор строки',
  `name` varchar(150) CHARACTER SET utf8mb4 COLLATE utf8mb4_unicode_ci NOT NULL COMMENT 'Название статуса',
  `created_at` datetime DEFAULT CURRENT_TIMESTAMP COMMENT 'Время создания строки',
  `updated_at` datetime DEFAULT CURRENT_TIMESTAMP ON UPDATE CURRENT_TIMESTAMP COMMENT 'Время обновления строки',
  PRIMARY KEY (`id`),
  UNIQUE KEY `name` (`name`)
) ENGINE=InnoDB AUTO_INCREMENT=7 DEFAULT CHARSET=utf8mb4 COLLATE=utf8mb4_unicode_ci COMMENT='Статусы дружбы';
/*!40101 SET character_set_client = @saved_cs_client */;

--
-- Dumping data for table `friendship_statuses`
--

LOCK TABLES `friendship_statuses` WRITE;
/*!40000 ALTER TABLE `friendship_statuses` DISABLE KEYS */;
INSERT INTO `friendship_statuses` VALUES (1,'Requested','2021-07-11 23:05:49','2021-07-11 23:14:29'),(2,'Confirmed','2021-07-11 23:05:49','2021-07-11 23:14:29'),(3,'Rejected','2021-07-11 23:05:49','2021-07-11 23:14:29');
/*!40000 ALTER TABLE `friendship_statuses` ENABLE KEYS */;
UNLOCK TABLES;

--
-- Table structure for table `likes`
--

DROP TABLE IF EXISTS `likes`;
/*!40101 SET @saved_cs_client     = @@character_set_client */;
/*!50503 SET character_set_client = utf8mb4 */;
CREATE TABLE `likes` (
  `id` int unsigned NOT NULL AUTO_INCREMENT,
  `user_id` int unsigned NOT NULL,
  `target_id` int unsigned NOT NULL,
  `target_type` enum('messages','users','posts','media') NOT NULL,
  `created_at` datetime DEFAULT CURRENT_TIMESTAMP,
  PRIMARY KEY (`id`),
  KEY `likes_user_id_fk` (`user_id`),
  CONSTRAINT `likes_user_id_fk` FOREIGN KEY (`user_id`) REFERENCES `users` (`id`) ON DELETE CASCADE
) ENGINE=InnoDB AUTO_INCREMENT=101 DEFAULT CHARSET=utf8mb4 COLLATE=utf8mb4_0900_ai_ci;
/*!40101 SET character_set_client = @saved_cs_client */;

--
-- Dumping data for table `likes`
--

LOCK TABLES `likes` WRITE;
/*!40000 ALTER TABLE `likes` DISABLE KEYS */;
INSERT INTO `likes` VALUES (1,13,7,'posts','2021-07-17 16:05:54'),(2,7,3,'users','2021-07-17 16:05:54'),(3,11,72,'messages','2021-07-17 16:05:54'),(4,67,90,'users','2021-07-17 16:05:54'),(5,37,60,'posts','2021-07-17 16:05:54'),(6,59,64,'messages','2021-07-17 16:05:54'),(7,45,60,'messages','2021-07-17 16:05:54'),(8,21,20,'messages','2021-07-17 16:05:54'),(9,24,54,'messages','2021-07-17 16:05:54'),(10,33,33,'messages','2021-07-17 16:05:54'),(11,21,26,'posts','2021-07-17 16:05:54'),(12,47,63,'posts','2021-07-17 16:05:54'),(13,15,95,'users','2021-07-17 16:05:54'),(14,7,65,'media','2021-07-17 16:05:54'),(15,47,50,'media','2021-07-17 16:05:54'),(16,94,79,'media','2021-07-17 16:05:54'),(17,84,27,'messages','2021-07-17 16:05:54'),(18,93,76,'media','2021-07-17 16:05:54'),(19,44,24,'posts','2021-07-17 16:05:54'),(20,85,23,'messages','2021-07-17 16:05:54'),(21,87,81,'users','2021-07-17 16:05:54'),(22,94,21,'media','2021-07-17 16:05:54'),(23,9,95,'posts','2021-07-17 16:05:54'),(24,64,11,'users','2021-07-17 16:05:54'),(25,79,25,'posts','2021-07-17 16:05:54'),(26,41,33,'messages','2021-07-17 16:05:54'),(27,69,2,'media','2021-07-17 16:05:54'),(28,99,54,'messages','2021-07-17 16:05:54'),(29,92,20,'posts','2021-07-17 16:05:54'),(30,92,65,'messages','2021-07-17 16:05:54'),(31,27,39,'users','2021-07-17 16:05:54'),(32,92,15,'users','2021-07-17 16:05:54'),(33,19,78,'posts','2021-07-17 16:05:54'),(34,28,64,'posts','2021-07-17 16:05:54'),(35,54,10,'messages','2021-07-17 16:05:54'),(36,27,46,'posts','2021-07-17 16:05:54'),(37,65,8,'messages','2021-07-17 16:05:54'),(38,69,63,'media','2021-07-17 16:05:54'),(39,39,12,'users','2021-07-17 16:05:54'),(40,46,52,'posts','2021-07-17 16:05:54'),(41,83,36,'media','2021-07-17 16:05:54'),(42,30,24,'posts','2021-07-17 16:05:54'),(43,32,80,'media','2021-07-17 16:05:54'),(44,72,52,'users','2021-07-17 16:05:54'),(45,96,38,'media','2021-07-17 16:05:54'),(46,14,87,'users','2021-07-17 16:05:54'),(47,62,45,'posts','2021-07-17 16:05:54'),(48,34,96,'posts','2021-07-17 16:05:54'),(49,53,81,'posts','2021-07-17 16:05:54'),(50,10,80,'messages','2021-07-17 16:05:54'),(51,77,58,'messages','2021-07-17 16:05:54'),(52,87,35,'media','2021-07-17 16:05:54'),(53,56,11,'messages','2021-07-17 16:05:54'),(54,20,32,'users','2021-07-17 16:05:54'),(55,16,6,'posts','2021-07-17 16:05:54'),(56,45,71,'media','2021-07-17 16:05:54'),(57,59,38,'users','2021-07-17 16:05:54'),(58,78,85,'posts','2021-07-17 16:05:54'),(59,56,65,'users','2021-07-17 16:05:54'),(60,78,20,'posts','2021-07-17 16:05:54'),(61,56,33,'users','2021-07-17 16:05:54'),(62,56,95,'media','2021-07-17 16:05:54'),(63,73,2,'posts','2021-07-17 16:05:54'),(64,12,14,'messages','2021-07-17 16:05:54'),(65,73,41,'messages','2021-07-17 16:05:54'),(66,32,44,'posts','2021-07-17 16:05:54'),(67,16,37,'media','2021-07-17 16:05:54'),(68,78,84,'messages','2021-07-17 16:05:54'),(69,26,24,'posts','2021-07-17 16:05:54'),(70,34,20,'messages','2021-07-17 16:05:54'),(71,18,42,'posts','2021-07-17 16:05:54'),(72,87,42,'messages','2021-07-17 16:05:54'),(73,45,54,'messages','2021-07-17 16:05:54'),(74,64,28,'posts','2021-07-17 16:05:54'),(75,34,61,'media','2021-07-17 16:05:54'),(76,82,86,'posts','2021-07-17 16:05:54'),(77,98,48,'media','2021-07-17 16:05:54'),(78,2,93,'posts','2021-07-17 16:05:54'),(79,73,31,'posts','2021-07-17 16:05:54'),(80,19,27,'messages','2021-07-17 16:05:54'),(81,39,60,'users','2021-07-17 16:05:54'),(82,72,36,'messages','2021-07-17 16:05:54'),(83,66,92,'messages','2021-07-17 16:05:54'),(84,38,23,'posts','2021-07-17 16:05:54'),(85,51,23,'messages','2021-07-17 16:05:54'),(86,71,39,'users','2021-07-17 16:05:54'),(87,79,75,'posts','2021-07-17 16:05:54'),(88,64,30,'messages','2021-07-17 16:05:54'),(89,69,100,'users','2021-07-17 16:05:54'),(90,17,21,'messages','2021-07-17 16:05:54'),(91,11,43,'posts','2021-07-17 16:05:54'),(92,66,55,'posts','2021-07-17 16:05:54'),(93,99,26,'posts','2021-07-17 16:05:54'),(94,68,43,'media','2021-07-17 16:05:54'),(95,48,83,'messages','2021-07-17 16:05:54'),(96,68,22,'media','2021-07-17 16:05:54'),(97,100,72,'media','2021-07-17 16:05:54'),(98,36,58,'users','2021-07-17 16:05:54'),(99,30,87,'media','2021-07-17 16:05:54'),(100,85,83,'users','2021-07-17 16:05:54');
/*!40000 ALTER TABLE `likes` ENABLE KEYS */;
UNLOCK TABLES;

--
-- Table structure for table `media`
--

DROP TABLE IF EXISTS `media`;
/*!40101 SET @saved_cs_client     = @@character_set_client */;
/*!50503 SET character_set_client = utf8mb4 */;
CREATE TABLE `media` (
  `id` int unsigned NOT NULL AUTO_INCREMENT COMMENT 'Идентификатор строки',
  `user_id` int unsigned NOT NULL COMMENT 'Ссылка на пользователя, который загрузил файл',
  `filename` varchar(255) CHARACTER SET utf8mb4 COLLATE utf8mb4_unicode_ci NOT NULL COMMENT 'Путь к файлу',
  `size` int NOT NULL COMMENT 'Размер файла',
  `metadata` json DEFAULT NULL COMMENT 'Метаданные файла',
  `media_type_id` int unsigned NOT NULL COMMENT 'Ссылка на тип контента',
  `created_at` datetime DEFAULT CURRENT_TIMESTAMP COMMENT 'Время создания строки',
  `updated_at` datetime DEFAULT CURRENT_TIMESTAMP ON UPDATE CURRENT_TIMESTAMP COMMENT 'Время обновления строки',
  PRIMARY KEY (`id`),
  KEY `media_user_id_fk` (`user_id`),
  KEY `media_types_id_fk` (`media_type_id`),
  CONSTRAINT `media_types_id_fk` FOREIGN KEY (`media_type_id`) REFERENCES `media_types` (`id`),
  CONSTRAINT `media_user_id_fk` FOREIGN KEY (`user_id`) REFERENCES `users` (`id`) ON DELETE CASCADE,
  CONSTRAINT `media_chk_1` CHECK (json_valid(`metadata`))
) ENGINE=InnoDB AUTO_INCREMENT=101 DEFAULT CHARSET=utf8mb4 COLLATE=utf8mb4_unicode_ci COMMENT='Медиафайлы';
/*!40101 SET character_set_client = @saved_cs_client */;

--
-- Dumping data for table `media`
--

LOCK TABLES `media` WRITE;
/*!40000 ALTER TABLE `media` DISABLE KEYS */;
INSERT INTO `media` VALUES (1,15,'http://dropbox.net/vk/iure.zip',73019,'{\"owner\": \"Destin_Lockman\"}',3,'2019-07-13 12:56:50','2021-07-17 20:42:23'),(2,13,'http://dropbox.net/vk/reiciendis.mp4',16439,'{\"owner\": \"Jewell_McCullough\"}',3,'2017-11-30 10:35:25','2021-07-17 20:42:23'),(3,20,'http://dropbox.net/vk/praesentium.mp3',47024,'{\"owner\": \"Lionel_Denesik\"}',5,'2013-08-04 06:30:05','2021-07-17 20:42:23'),(4,60,'http://dropbox.net/vk/rerum.doc',87668,'{\"owner\": \"Jackie_Wehner\"}',5,'2020-03-13 17:17:24','2021-07-17 20:42:23'),(5,39,'http://dropbox.net/vk/ducimus.mp4',90124,'{\"owner\": \"Alexandra_Hahn\"}',1,'2014-10-20 11:01:55','2021-07-17 20:42:23'),(6,17,'http://dropbox.net/vk/eos.mp3',79338,'{\"owner\": \"Perry_Franecki\"}',4,'2018-08-04 11:59:13','2021-07-17 20:42:23'),(7,65,'http://dropbox.net/vk/recusandae.avi',51593,'{\"owner\": \"Laura_Mayert\"}',1,'2019-04-16 06:51:22','2021-07-17 20:42:23'),(8,73,'http://dropbox.net/vk/perferendis.mp3',80315,'{\"owner\": \"Brielle_Barton\"}',5,'2020-11-09 21:39:03','2021-07-17 20:42:23'),(9,69,'http://dropbox.net/vk/repellat.mp3',63932,'{\"owner\": \"Adelle_Ziemann\"}',4,'2018-05-31 14:29:21','2021-07-17 20:42:23'),(10,26,'http://dropbox.net/vk/et.doc',77646,'{\"owner\": \"Brianne_Crist\"}',5,'2019-05-13 04:05:22','2021-07-17 20:42:23'),(11,24,'http://dropbox.net/vk/quisquam.avi',68816,'{\"owner\": \"Eleazar_Pfeffer\"}',3,'2013-11-18 21:01:49','2021-07-17 20:42:23'),(12,39,'http://dropbox.net/vk/non.zip',64884,'{\"owner\": \"Raleigh_Ritchie\"}',4,'2017-08-09 16:08:25','2021-07-17 20:42:23'),(13,25,'http://dropbox.net/vk/dolore.mp4',61738,'{\"owner\": \"Alena_Rogahn\"}',2,'2016-09-20 18:05:17','2021-07-17 20:42:23'),(14,5,'http://dropbox.net/vk/corporis.zip',60042,'{\"owner\": \"Kadin_Haag\"}',2,'2021-02-10 19:28:28','2021-07-17 20:42:23'),(15,52,'http://dropbox.net/vk/facere.mp3',472,'{\"owner\": \"Kory_Hauck\"}',5,'2013-07-15 20:50:15','2021-07-17 20:42:23'),(16,42,'http://dropbox.net/vk/incidunt.doc',90606,'{\"owner\": \"Enrique_Schmidt\"}',2,'2012-02-21 15:24:57','2021-07-17 20:42:23'),(17,55,'http://dropbox.net/vk/blanditiis.doc',73764,'{\"owner\": \"Jordon_O\'Conner\"}',1,'2014-07-03 11:39:09','2021-07-17 20:42:23'),(18,49,'http://dropbox.net/vk/ex.mp4',90882,'{\"owner\": \"Alexie_Upton\"}',2,'2014-11-10 03:42:03','2021-07-17 20:42:23'),(19,81,'http://dropbox.net/vk/corrupti.mp3',8795,'{\"owner\": \"Magdalena_Renner\"}',4,'2020-09-21 15:38:17','2021-07-17 20:42:23'),(20,54,'http://dropbox.net/vk/itaque.zip',19037,'{\"owner\": \"Corine_Ankunding\"}',2,'2016-06-14 14:07:17','2021-07-17 20:42:23'),(21,29,'http://dropbox.net/vk/consequatur.doc',1134,'{\"owner\": \"Destinee_Lakin\"}',2,'2012-12-11 05:04:35','2021-07-17 20:42:23'),(22,82,'http://dropbox.net/vk/illo.mp4',98097,'{\"owner\": \"Keara_Beier\"}',3,'2017-06-07 16:29:27','2021-07-17 20:42:23'),(23,21,'http://dropbox.net/vk/nisi.zip',9055,'{\"owner\": \"Damian_Kuhn\"}',3,'2021-04-22 02:28:39','2021-07-17 20:42:23'),(24,58,'http://dropbox.net/vk/ullam.mp4',19875,'{\"owner\": \"Antonietta_Goodwin\"}',1,'2018-12-22 04:34:30','2021-07-17 20:42:23'),(25,29,'http://dropbox.net/vk/voluptatem.avi',30105,'{\"owner\": \"Zena_Brown\"}',4,'2016-01-02 11:27:54','2021-07-17 20:42:23'),(26,68,'http://dropbox.net/vk/dolorem.mp3',26445,'{\"owner\": \"Cloyd_Schumm\"}',5,'2012-03-22 03:19:54','2021-07-17 20:42:23'),(27,54,'http://dropbox.net/vk/autem.zip',5911,'{\"owner\": \"Jefferey_Ruecker\"}',5,'2013-05-30 22:43:30','2021-07-17 20:42:23'),(28,66,'http://dropbox.net/vk/quos.avi',86020,'{\"owner\": \"Reilly_Larson\"}',5,'2017-06-17 23:46:26','2021-07-17 20:42:23'),(29,67,'http://dropbox.net/vk/a.avi',96195,'{\"owner\": \"Francesca_Satterfield\"}',2,'2020-03-03 10:17:01','2021-07-17 20:42:23'),(30,36,'http://dropbox.net/vk/nulla.doc',87813,'{\"owner\": \"Charity_Turcotte\"}',1,'2020-01-25 14:57:16','2021-07-17 20:42:23'),(31,80,'http://dropbox.net/vk/fugiat.mp3',49842,'{\"owner\": \"Reid_O\'Hara\"}',4,'2016-01-18 15:36:31','2021-07-17 20:42:23'),(32,91,'http://dropbox.net/vk/amet.mp4',11322,'{\"owner\": \"Paxton_Denesik\"}',4,'2020-10-11 06:38:15','2021-07-17 20:42:23'),(33,12,'http://dropbox.net/vk/consectetur.mp4',69005,'{\"owner\": \"Kennith_Mosciski\"}',2,'2015-05-20 02:34:07','2021-07-17 20:42:23'),(34,90,'http://dropbox.net/vk/est.mp3',6247,'{\"owner\": \"Juvenal_Ankunding\"}',1,'2019-08-28 06:25:21','2021-07-17 20:42:23'),(35,13,'http://dropbox.net/vk/atque.doc',90887,'{\"owner\": \"Roger_Brown\"}',4,'2018-12-20 21:43:58','2021-07-17 20:42:23'),(36,93,'http://dropbox.net/vk/voluptates.avi',95152,'{\"owner\": \"Amira_Lesch\"}',2,'2018-02-19 10:49:40','2021-07-17 20:42:23'),(37,24,'http://dropbox.net/vk/ab.avi',3645,'{\"owner\": \"Jarred_Cronin\"}',2,'2015-12-03 08:11:36','2021-07-17 20:42:23'),(38,42,'http://dropbox.net/vk/aut.avi',8657,'{\"owner\": \"Presley_Schmitt\"}',4,'2019-01-18 23:11:19','2021-07-17 20:42:23'),(39,38,'http://dropbox.net/vk/voluptate.zip',88469,'{\"owner\": \"Emmie_Orn\"}',3,'2018-07-22 10:08:25','2021-07-17 20:42:23'),(40,64,'http://dropbox.net/vk/nihil.mp3',19600,'{\"owner\": \"Sarai_Weber\"}',5,'2019-08-13 04:58:51','2021-07-17 20:42:23'),(41,5,'http://dropbox.net/vk/molestias.mp4',51978,'{\"owner\": \"Golda_Jenkins\"}',5,'2017-07-01 16:12:26','2021-07-17 20:42:23'),(42,33,'http://dropbox.net/vk/nostrum.zip',67931,'{\"owner\": \"Billy_Denesik\"}',4,'2020-03-24 08:52:14','2021-07-17 20:42:23'),(43,48,'http://dropbox.net/vk/odit.mp3',35929,'{\"owner\": \"Landen_Walter\"}',5,'2019-07-13 06:04:17','2021-07-17 20:42:23'),(44,42,'http://dropbox.net/vk/modi.doc',70802,'{\"owner\": \"Will_Spencer\"}',5,'2020-06-13 14:41:55','2021-07-17 20:42:23'),(45,65,'http://dropbox.net/vk/ut.avi',45177,'{\"owner\": \"Johann_O\'Conner\"}',2,'2012-09-13 03:17:49','2021-07-17 20:42:23'),(46,100,'http://dropbox.net/vk/laboriosam.mp3',14395,'{\"owner\": \"Frances_Jerde\"}',4,'2015-01-21 02:08:28','2021-07-17 20:42:23'),(47,4,'http://dropbox.net/vk/alias.zip',72555,'{\"owner\": \"Ena_Simonis\"}',1,'2021-06-15 04:04:25','2021-07-17 20:42:23'),(48,21,'http://dropbox.net/vk/nam.mp4',25318,'{\"owner\": \"Lorena_Heathcote\"}',5,'2018-10-31 11:37:24','2021-07-17 20:42:23'),(49,89,'http://dropbox.net/vk/veritatis.mp3',30054,'{\"owner\": \"Lavina_Brown\"}',3,'2019-06-26 14:30:37','2021-07-17 20:42:23'),(50,83,'http://dropbox.net/vk/commodi.avi',14738,'{\"owner\": \"Marcellus_McGlynn\"}',1,'2012-11-30 08:21:14','2021-07-17 20:42:23'),(51,50,'http://dropbox.net/vk/cumque.mp4',88662,'{\"owner\": \"Kayli_Berge\"}',4,'2016-11-21 13:40:58','2021-07-17 20:42:23'),(52,97,'http://dropbox.net/vk/numquam.doc',86463,'{\"owner\": \"Nettie_Little\"}',5,'2021-06-22 14:16:17','2021-07-17 20:42:23'),(53,35,'http://dropbox.net/vk/facilis.doc',33499,'{\"owner\": \"Jordan_Dicki\"}',1,'2012-10-01 00:39:38','2021-07-17 20:42:23'),(54,84,'http://dropbox.net/vk/sed.mp3',40541,'{\"owner\": \"Harley_Morissette\"}',5,'2012-11-20 01:28:42','2021-07-17 20:42:23'),(55,16,'http://dropbox.net/vk/illum.doc',27082,'{\"owner\": \"Amara_Harvey\"}',5,'2016-02-27 20:17:35','2021-07-17 20:42:23'),(56,28,'http://dropbox.net/vk/quia.mp3',31386,'{\"owner\": \"Neil_Greenfelder\"}',5,'2011-07-12 18:04:50','2021-07-17 20:42:23'),(57,90,'http://dropbox.net/vk/ad.mp3',17054,'{\"owner\": \"Trever_Murray\"}',2,'2012-06-04 22:19:19','2021-07-17 20:42:23'),(58,65,'http://dropbox.net/vk/maiores.doc',87927,'{\"owner\": \"Domenica_Maggio\"}',2,'2020-10-05 09:42:34','2021-07-17 20:42:23'),(59,54,'http://dropbox.net/vk/saepe.mp3',79822,'{\"owner\": \"Delia_Emmerich\"}',3,'2018-11-14 14:33:43','2021-07-17 20:42:23'),(60,76,'http://dropbox.net/vk/omnis.doc',67438,'{\"owner\": \"Carley_Hoeger\"}',5,'2016-03-25 14:31:48','2021-07-17 20:42:23'),(61,17,'http://dropbox.net/vk/eum.zip',86587,'{\"owner\": \"Tatum_Fay\"}',2,'2020-05-31 11:19:03','2021-07-17 20:42:23'),(62,56,'http://dropbox.net/vk/mollitia.mp4',55842,'{\"owner\": \"Luigi_Graham\"}',2,'2016-06-11 07:56:42','2021-07-17 20:42:23'),(63,30,'http://dropbox.net/vk/aspernatur.mp4',14143,'{\"owner\": \"Dominique_Crona\"}',2,'2015-01-07 21:24:36','2021-07-17 20:42:23'),(64,80,'http://dropbox.net/vk/exercitationem.zip',570,'{\"owner\": \"Christa_Kirlin\"}',1,'2021-04-09 02:18:49','2021-07-17 20:42:23'),(65,11,'http://dropbox.net/vk/quidem.zip',26050,'{\"owner\": \"Nils_Bruen\"}',1,'2014-09-12 17:01:38','2021-07-17 20:42:23'),(66,13,'http://dropbox.net/vk/harum.doc',24836,'{\"owner\": \"Ethel_Yundt\"}',5,'2017-06-08 12:33:22','2021-07-17 20:42:23'),(67,34,'http://dropbox.net/vk/sit.zip',36672,'{\"owner\": \"Caterina_Bosco\"}',1,'2021-07-03 01:44:45','2021-07-17 20:42:23'),(68,28,'http://dropbox.net/vk/deserunt.mp3',24833,'{\"owner\": \"Kelli_Langworth\"}',4,'2011-09-30 18:07:02','2021-07-17 20:42:23'),(69,37,'http://dropbox.net/vk/quis.doc',56863,'{\"owner\": \"Emerson_Lemke\"}',2,'2012-03-03 23:34:26','2021-07-17 20:42:23'),(70,100,'http://dropbox.net/vk/iusto.mp4',42053,'{\"owner\": \"Wendy_Ernser\"}',5,'2019-01-06 17:24:00','2021-07-17 20:42:23'),(71,89,'http://dropbox.net/vk/sunt.mp4',93350,'{\"owner\": \"Shayne_Maggio\"}',4,'2017-05-01 23:24:25','2021-07-17 20:42:23'),(72,46,'http://dropbox.net/vk/possimus.mp3',69527,'{\"owner\": \"Trinity_Connelly\"}',3,'2019-06-12 00:37:19','2021-07-17 20:42:23'),(73,63,'http://dropbox.net/vk/adipisci.avi',3694,'{\"owner\": \"Jackeline_Ullrich\"}',5,'2020-03-09 09:05:30','2021-07-17 20:42:23'),(74,76,'http://dropbox.net/vk/nesciunt.mp3',1845,'{\"owner\": \"Ottis_Boyle\"}',1,'2014-09-09 04:40:27','2021-07-17 20:42:23'),(75,91,'http://dropbox.net/vk/labore.mp3',8345,'{\"owner\": \"Kristy_Becker\"}',5,'2012-05-02 00:55:26','2021-07-17 20:42:23'),(76,25,'http://dropbox.net/vk/architecto.avi',32694,'{\"owner\": \"Gay_O\'Connell\"}',1,'2020-01-11 11:07:16','2021-07-17 20:42:23'),(77,52,'http://dropbox.net/vk/eligendi.mp3',40991,'{\"owner\": \"Lisandro_Wisozk\"}',5,'2014-08-01 07:37:11','2021-07-17 20:42:23'),(78,84,'http://dropbox.net/vk/in.zip',81482,'{\"owner\": \"Derek_Hettinger\"}',2,'2019-02-02 15:57:11','2021-07-17 20:42:23'),(79,62,'http://dropbox.net/vk/quo.avi',52817,'{\"owner\": \"Ernestine_Nicolas\"}',3,'2019-04-22 12:25:19','2021-07-17 20:42:23'),(80,60,'http://dropbox.net/vk/excepturi.avi',18083,'{\"owner\": \"Marina_Stanton\"}',1,'2019-08-25 06:22:04','2021-07-17 20:42:23'),(81,14,'http://dropbox.net/vk/debitis.doc',44811,'{\"owner\": \"Minnie_Emmerich\"}',2,'2012-02-02 22:36:21','2021-07-17 20:42:23'),(82,89,'http://dropbox.net/vk/provident.mp4',86562,'{\"owner\": \"Mireya_Kertzmann\"}',4,'2018-05-28 17:06:24','2021-07-17 20:42:23'),(83,1,'http://dropbox.net/vk/porro.zip',5301,'{\"owner\": \"Connie_Hirthe\"}',2,'2018-12-10 20:14:04','2021-07-17 20:42:23'),(84,38,'http://dropbox.net/vk/vel.zip',89461,'{\"owner\": \"Winnifred_Jacobson\"}',2,'2016-06-14 04:25:18','2021-07-17 20:42:23'),(85,87,'http://dropbox.net/vk/nobis.avi',35877,'{\"owner\": \"Ernestine_Miller\"}',5,'2019-11-17 12:52:18','2021-07-17 20:42:23'),(86,21,'http://dropbox.net/vk/odio.mp3',41489,'{\"owner\": \"Blake_Metz\"}',3,'2019-03-31 03:25:24','2021-07-17 20:42:23'),(87,45,'http://dropbox.net/vk/voluptas.zip',78269,'{\"owner\": \"Broderick_Hodkiewicz\"}',5,'2019-03-29 23:21:14','2021-07-17 20:42:23'),(88,61,'http://dropbox.net/vk/velit.avi',97717,'{\"owner\": \"Lesley_Stiedemann\"}',4,'2020-10-03 15:01:04','2021-07-17 20:42:23'),(89,67,'http://dropbox.net/vk/optio.zip',65290,'{\"owner\": \"Maurice_Kemmer\"}',5,'2011-12-03 23:23:02','2021-07-17 20:42:23'),(90,52,'http://dropbox.net/vk/dolor.mp3',25280,'{\"owner\": \"Elise_Kihn\"}',2,'2018-10-14 11:16:52','2021-07-17 20:42:23'),(91,59,'http://dropbox.net/vk/vero.mp4',67432,'{\"owner\": \"Orrin_Blanda\"}',4,'2021-06-09 19:02:32','2021-07-17 20:42:23'),(92,40,'http://dropbox.net/vk/eius.avi',82726,'{\"owner\": \"Ozella_Waters\"}',5,'2016-06-11 12:51:18','2021-07-17 20:42:23'),(93,22,'http://dropbox.net/vk/quae.avi',50533,'{\"owner\": \"Rowland_McKenzie\"}',5,'2016-11-11 10:31:55','2021-07-17 20:42:23'),(94,91,'http://dropbox.net/vk/veniam.doc',88414,'{\"owner\": \"Warren_Sipes\"}',1,'2014-09-19 19:14:16','2021-07-17 20:42:23'),(95,87,'http://dropbox.net/vk/distinctio.mp3',6348,'{\"owner\": \"Jimmy_Prosacco\"}',4,'2016-04-06 03:24:36','2021-07-17 20:42:23'),(96,63,'http://dropbox.net/vk/doloribus.zip',24244,'{\"owner\": \"Rosalee_Johnston\"}',1,'2014-03-18 16:09:49','2021-07-17 20:42:23'),(97,54,'http://dropbox.net/vk/enim.mp4',70400,'{\"owner\": \"Meaghan_Adams\"}',4,'2012-11-23 12:51:19','2021-07-17 20:42:23'),(98,82,'http://dropbox.net/vk/temporibus.zip',73503,'{\"owner\": \"Marguerite_Larkin\"}',3,'2018-06-01 08:07:34','2021-07-17 20:42:23'),(99,44,'http://dropbox.net/vk/dicta.avi',36569,'{\"owner\": \"Jared_Swaniawski\"}',3,'2021-06-21 22:34:11','2021-07-17 20:42:23'),(100,73,'http://dropbox.net/vk/suscipit.mp3',77856,'{\"owner\": \"Harold_Weimann\"}',3,'2016-10-24 15:25:13','2021-07-17 20:42:23');
/*!40000 ALTER TABLE `media` ENABLE KEYS */;
UNLOCK TABLES;

--
-- Table structure for table `media_types`
--

DROP TABLE IF EXISTS `media_types`;
/*!40101 SET @saved_cs_client     = @@character_set_client */;
/*!50503 SET character_set_client = utf8mb4 */;
CREATE TABLE `media_types` (
  `id` int unsigned NOT NULL AUTO_INCREMENT COMMENT 'Идентификатор строки',
  `name` varchar(255) CHARACTER SET utf8mb4 COLLATE utf8mb4_unicode_ci NOT NULL COMMENT 'Название типа',
  `created_at` datetime DEFAULT CURRENT_TIMESTAMP COMMENT 'Время создания строки',
  `updated_at` datetime DEFAULT CURRENT_TIMESTAMP ON UPDATE CURRENT_TIMESTAMP COMMENT 'Время обновления строки',
  PRIMARY KEY (`id`),
  UNIQUE KEY `name` (`name`)
) ENGINE=InnoDB AUTO_INCREMENT=6 DEFAULT CHARSET=utf8mb4 COLLATE=utf8mb4_unicode_ci COMMENT='Типы медиафайлов';
/*!40101 SET character_set_client = @saved_cs_client */;

--
-- Dumping data for table `media_types`
--

LOCK TABLES `media_types` WRITE;
/*!40000 ALTER TABLE `media_types` DISABLE KEYS */;
INSERT INTO `media_types` VALUES (1,'zip','2020-09-13 03:40:37','2021-07-11 23:54:32'),(2,'mp4','2021-01-02 17:16:23','2021-07-11 23:54:32'),(3,'mp3','2021-04-11 09:35:33','2021-06-20 06:00:49'),(4,'avi','2021-03-19 23:49:51','2021-07-11 23:54:32'),(5,'doc','2020-12-31 00:18:38','2021-07-11 23:54:32');
/*!40000 ALTER TABLE `media_types` ENABLE KEYS */;
UNLOCK TABLES;

--
-- Table structure for table `messages`
--

DROP TABLE IF EXISTS `messages`;
/*!40101 SET @saved_cs_client     = @@character_set_client */;
/*!50503 SET character_set_client = utf8mb4 */;
CREATE TABLE `messages` (
  `id` int unsigned NOT NULL AUTO_INCREMENT COMMENT 'Идентификатор строки',
  `from_user_id` int unsigned NOT NULL COMMENT 'Ссылка на отправителя сообщения',
  `to_user_id` int unsigned NOT NULL COMMENT 'Ссылка на получателя сообщения',
  `body` text CHARACTER SET utf8mb4 COLLATE utf8mb4_unicode_ci NOT NULL COMMENT 'Текст сообщения',
  `is_important` tinyint(1) DEFAULT NULL COMMENT 'Признак важности',
  `is_delivered` tinyint(1) DEFAULT NULL COMMENT 'Признак доставки',
  `created_at` datetime DEFAULT CURRENT_TIMESTAMP COMMENT 'Время создания строки',
  PRIMARY KEY (`id`),
  KEY `messages_from_user_id_fk` (`from_user_id`),
  KEY `messages_to_user_id_fk` (`to_user_id`),
  CONSTRAINT `messages_from_user_id_fk` FOREIGN KEY (`from_user_id`) REFERENCES `users` (`id`),
  CONSTRAINT `messages_to_user_id_fk` FOREIGN KEY (`to_user_id`) REFERENCES `users` (`id`)
) ENGINE=InnoDB AUTO_INCREMENT=101 DEFAULT CHARSET=utf8mb4 COLLATE=utf8mb4_unicode_ci COMMENT='Сообщения';
/*!40101 SET character_set_client = @saved_cs_client */;

--
-- Dumping data for table `messages`
--

LOCK TABLES `messages` WRITE;
/*!40000 ALTER TABLE `messages` DISABLE KEYS */;
INSERT INTO `messages` VALUES (1,64,94,'In a little recovered from the Gryphon, \'you first form into a chrysalis--you will some day, you know--and then after that into a butterfly, I should like to hear it say, as it spoke. \'As wet as.',1,0,'2020-08-28 22:05:16'),(2,21,20,'The Duchess took no notice of her hedgehog. The hedgehog was engaged in a great deal to ME,\' said the Mock Turtle a little recovered from the shock of being upset, and their curls got entangled.',0,1,'2020-12-03 12:15:19'),(3,13,16,'Alice did not venture to ask his neighbour to tell him. \'A nice muddle their slates\'ll be in a louder tone. \'ARE you to death.\"\' \'You are all dry, he is gay as a cushion, resting their elbows on it,.',1,0,'2020-11-23 18:31:10'),(4,1,18,'I don\'t believe it,\' said the Caterpillar called after her. \'I\'ve something important to say!\' This sounded promising, certainly: Alice turned and came back again. \'Keep your temper,\' said the.',0,0,'2020-08-02 21:30:07'),(5,65,44,'There ought to have finished,\' said the King. \'When did you begin?\' The Hatter was the fan and gloves. \'How queer it seems,\' Alice said to herself. \'Shy, they seem to see if he were trying to find.',0,1,'2021-05-06 06:17:03'),(6,22,65,'Gryphon, lying fast asleep in the middle, wondering how she would have made a snatch in the middle, being held up by a row of lamps hanging from the change: and Alice could not make out which were.',1,1,'2020-07-20 23:57:54'),(7,12,93,'Lastly, she pictured to herself that perhaps it was certainly too much frightened that she began looking at the Duchess was VERY ugly; and secondly, because she was quite impossible to say but \'It.',0,1,'2021-07-02 16:44:08'),(8,97,68,'Hatter grumbled: \'you shouldn\'t have put it in a wondering tone. \'Why, what are YOUR shoes done with?\' said the Cat: \'we\'re all mad here. I\'m mad. You\'re mad.\' \'How do you know what they\'re about!\'.',0,0,'2021-02-14 02:20:01'),(9,48,63,'Hatter: and in despair she put it. She stretched herself up closer to Alice\'s great surprise, the Duchess\'s knee, while plates and dishes crashed around it--once more the shriek of the thing.',1,0,'2021-06-14 16:52:41'),(10,50,10,'Hatter: \'let\'s all move one place on.\' He moved on as he spoke, and added \'It isn\'t a bird,\' Alice remarked. \'Oh, you foolish Alice!\' she answered herself. \'How can you learn lessons in here? Why,.',0,1,'2020-10-27 08:26:17'),(11,4,60,'Majesty!\' the Duchess asked, with another hedgehog, which seemed to think that very few things indeed were really impossible. There seemed to think to herself, \'the way all the other side will make.',0,1,'2020-11-07 09:35:30'),(12,69,71,'Quadrille is!\' \'No, indeed,\' said Alice. \'Well, then,\' the Gryphon never learnt it.\' \'Hadn\'t time,\' said the King; \'and don\'t look at the frontispiece if you were down here with me! There are no.',0,1,'2020-09-21 12:39:20'),(13,31,75,'You\'re mad.\' \'How do you call it sad?\' And she kept tossing the baby with some severity; \'it\'s very interesting. I never was so large a house, that she was small enough to look over their shoulders,.',0,0,'2020-12-04 15:14:18'),(14,48,61,'Alice, and looking anxiously about her. \'Oh, do let me hear the name \'Alice!\' CHAPTER XII. Alice\'s Evidence \'Here!\' cried Alice, with a deep voice, \'What are tarts made of?\' Alice asked in a thick.',0,1,'2021-06-22 11:30:13'),(15,48,80,'And mentioned me to introduce some other subject of conversation. \'Are you--are you fond--of--of dogs?\' The Mouse looked at it gloomily: then he dipped it into his cup of tea, and looked at the.',0,1,'2020-12-29 03:17:47'),(16,97,17,'Alice began to cry again, for this time she went round the hall, but they all stopped and looked at it again: but he would not stoop? Soup of the ground.\' So she sat down at once, and ran off,.',1,0,'2020-08-03 22:11:15'),(17,38,42,'Pigeon. \'I\'m NOT a serpent!\' said Alice to herself, \'I wish I had not as yet had any dispute with the lobsters to the Dormouse, not choosing to notice this question, but hurriedly went on, \'you see,.',1,0,'2021-05-13 15:42:16'),(18,98,61,'YOU?\' said the Duchess, digging her sharp little chin. \'I\'ve a right to think,\' said Alice very politely; but she could have told you butter wouldn\'t suit the works!\' he added in a deep voice, \'What.',1,1,'2020-09-26 05:25:57'),(19,75,77,'Pigeon. \'I\'m NOT a serpent!\' said Alice doubtfully: \'it means--to--make--anything--prettier.\' \'Well, then,\' the Cat in a minute or two, she made out the Fish-Footman was gone, and, by the officers.',1,1,'2020-07-16 22:24:32'),(20,83,1,'Dormouse sulkily remarked, \'If you knew Time as well as she heard one of its mouth open, gazing up into the court, \'Bring me the truth: did you do either!\' And the Gryphon only answered \'Come on!\'.',0,1,'2021-05-04 20:51:44'),(21,90,72,'Duchess. \'I make you grow taller, and the pattern on their faces, so that altogether, for the hot day made her feel very queer to ME.\' \'You!\' said the Mock Turtle, \'but if they do, why then they\'re.',0,0,'2020-07-21 23:17:51'),(22,99,58,'The Panther took pie-crust, and gravy, and meat, While the Owl had the door opened inwards, and Alice\'s first thought was that it might belong to one of the Mock Turtle Soup is made from,\' said the.',0,0,'2021-07-03 03:14:58'),(23,23,75,'King hastily said, and went on eagerly. \'That\'s enough about lessons,\' the Gryphon replied rather impatiently: \'any shrimp could have told you that.\' \'If I\'d been the right way to explain it as well.',1,1,'2020-09-10 18:09:06'),(24,20,99,'Gryphon. \'Well, I shan\'t grow any more--As it is, I can\'t show it you myself,\' the Mock Turtle, \'Drive on, old fellow! Don\'t be all day to day.\' This was not quite like the right thing to get hold.',1,1,'2021-06-29 22:30:49'),(25,31,68,'Do come back and finish your story!\' Alice called after her. \'I\'ve something important to say!\' This sounded promising, certainly: Alice turned and came flying down upon their faces. There was no.',0,1,'2021-03-10 17:05:03'),(26,93,44,'Pray, what is the same thing a Lobster Quadrille The Mock Turtle yawned and shut his eyes.--\'Tell her about the reason and all her coaxing. Hardly knowing what she was in livery: otherwise, judging.',1,1,'2021-06-10 01:20:36'),(27,74,14,'Presently the Rabbit say to itself, \'Oh dear! Oh dear! I shall remember it in with the edge of her voice. Nobody moved. \'Who cares for fish, Game, or any other dish? Who would not allow without.',1,0,'2021-07-01 23:40:05'),(28,88,40,'She was a general clapping of hands at this: it was growing, and growing, and very neatly and simply arranged; the only difficulty was, that her neck from being run over; and the happy summer days..',0,1,'2020-12-17 07:02:29'),(29,18,55,'NOT, being made entirely of cardboard.) \'All right, so far,\' said the King, going up to her usual height. It was all very well without--Maybe it\'s always pepper that had a little recovered from the.',0,1,'2021-01-27 13:44:57'),(30,25,55,'As she said to one of them say, \'Look out now, Five! Don\'t go splashing paint over me like that!\' By this time it all is! I\'ll try if I was, I shouldn\'t want YOURS: I don\'t want to see the Mock.',1,0,'2021-01-02 11:13:34'),(31,73,12,'Gryphon said to herself \'This is Bill,\' she gave a sudden leap out of its right paw round, \'lives a March Hare. \'Yes, please do!\' but the Rabbit asked. \'No, I give it up,\' Alice replied: \'what\'s the.',0,0,'2020-12-12 20:50:15'),(32,87,92,'They were indeed a queer-looking party that assembled on the bank, with her face in some alarm. This time Alice waited a little, and then the different branches of Arithmetic--Ambition, Distraction,.',0,0,'2021-04-24 11:34:18'),(33,15,23,'How brave they\'ll all think me for a moment that it was getting very sleepy; \'and they drew all manner of things--everything that begins with an M?\' said Alice. \'I\'m glad they\'ve begun asking.',0,0,'2021-01-08 09:42:20'),(34,16,39,'I say again!\' repeated the Pigeon, raising its voice to its feet, ran round the court was a paper label, with the end of the window, and one foot up the conversation dropped, and the poor little.',0,0,'2021-05-24 11:23:15'),(35,34,28,'THROUGH the earth! How funny it\'ll seem, sending presents to one\'s own feet! And how odd the directions will look! ALICE\'S RIGHT FOOT, ESQ. HEARTHRUG, NEAR THE FENDER, (WITH ALICE\'S LOVE). Oh dear,.',1,1,'2021-03-03 05:36:41'),(36,19,19,'I can\'t quite follow it as a drawing of a well?\' The Dormouse had closed its eyes again, to see it pop down a large cat which was full of tears, until there was room for this, and after a pause:.',1,1,'2020-09-10 00:28:54'),(37,96,12,'Mock Turtle interrupted, \'if you don\'t know what \"it\" means well enough, when I grow at a reasonable pace,\' said the Gryphon. \'We can do without lobsters, you know. Come on!\' So they got thrown out.',0,1,'2021-01-10 06:44:12'),(38,19,3,'Alice, \'to speak to this mouse? Everything is so out-of-the-way down here, that I should like it very nice, (it had, in fact, I didn\'t know that cats COULD grin.\' \'They all can,\' said the Mock.',1,1,'2021-01-05 15:19:35'),(39,9,79,'Hatter asked triumphantly. Alice did not venture to say to itself in a hurry. \'No, I\'ll look first,\' she said, by way of speaking to a mouse: she had looked under it, and they repeated their.',1,0,'2020-10-07 12:29:48'),(40,86,86,'Alice as it left no mark on the spot.\' This did not seem to be\"--or if you\'d like it put the hookah into its face in some book, but I don\'t understand. Where did they live at the Queen, turning.',0,1,'2020-11-16 16:46:53'),(41,1,92,'She was looking about for some while in silence. Alice was not otherwise than what you had been would have done just as well. The twelve jurors were all turning into little cakes as they lay.',1,0,'2020-10-07 23:40:01'),(42,49,100,'Mouse had changed his mind, and was just possible it had been. But her sister kissed her, and she trembled till she was near enough to try the thing yourself, some winter day, I will just explain to.',0,0,'2021-06-15 17:59:51'),(43,43,24,'Mock Turtle. \'She can\'t explain it,\' said the Mock Turtle went on all the things being alive; for instance, there\'s the arch I\'ve got to the seaside once in her life; it was impossible to say a.',1,0,'2021-05-05 12:10:47'),(44,64,20,'Mock Turtle interrupted, \'if you don\'t like the tone of delight, and rushed at the cook, and a fan! Quick, now!\' And Alice was soon submitted to by all three to settle the question, and they.',0,0,'2021-05-24 23:33:33'),(45,94,27,'Pigeon in a tone of this elegant thimble\'; and, when it had entirely disappeared; so the King was the Duchess\'s cook. She carried the pepper-box in her pocket) till she too began dreaming after a.',0,1,'2021-04-25 02:30:32'),(46,75,75,'Duchess said to live. \'I\'ve seen hatters before,\' she said to herself; \'his eyes are so VERY wide, but she felt certain it must be what he did it,) he did with the edge of her voice. Nobody moved..',1,1,'2021-06-25 17:34:18'),(47,93,94,'I\'m a hatter.\' Here the Queen put on one side, to look over their slates; \'but it doesn\'t mind.\' The table was a paper label, with the words a little, \'From the Queen. \'I never said I could show you.',0,1,'2020-10-24 15:32:50'),(48,40,43,'I believe.\' \'Boots and shoes under the table: she opened it, and on it (as she had read several nice little histories about children who had been anything near the right height to be.\' \'It is wrong.',1,1,'2021-01-18 02:23:49'),(49,22,35,'Alice went on growing, and she had brought herself down to them, they were IN the well,\' Alice said to the heads of the room. The cook threw a frying-pan after her as hard as it left no mark on the.',0,0,'2021-01-25 21:06:36'),(50,89,44,'March Hare interrupted in a moment to be beheaded!\' said Alice, seriously, \'I\'ll have nothing more to be treated with respect. \'Cheshire Puss,\' she began, in rather a handsome pig, I think.\' And she.',0,1,'2021-02-26 05:24:35'),(51,79,14,'Alice: \'I don\'t believe it,\' said the Caterpillar. \'Well, I should think you could only hear whispers now and then I\'ll tell him--it was for bringing the cook was leaning over the edge of the Nile.',1,1,'2021-04-17 20:18:57'),(52,27,37,'Dinah my dear! I wish you could only see her. She is such a capital one for catching mice--oh, I beg your pardon!\' said the Mock Turtle, \'they--you\'ve seen them, of course?\' \'Yes,\' said Alice, in a.',1,1,'2020-07-15 02:20:41'),(53,97,42,'March Hare. Alice sighed wearily. \'I think I can do without lobsters, you know. Please, Ma\'am, is this New Zealand or Australia?\' (and she tried the little crocodile Improve his shining tail, And.',1,1,'2021-05-14 17:50:54'),(54,5,98,'It doesn\'t look like it?\' he said. (Which he certainly did NOT, being made entirely of cardboard.) \'All right, so far,\' thought Alice, \'and why it is almost certain to disagree with you, sooner or.',1,0,'2020-12-15 19:20:48'),(55,32,66,'Pigeon. \'I can tell you my adventures--beginning from this morning,\' said Alice doubtfully: \'it means--to--make--anything--prettier.\' \'Well, then,\' the Cat again, sitting on the top of it. She went.',0,0,'2021-01-23 22:43:55'),(56,45,35,'Crab took the hookah into its face to see that the way YOU manage?\' Alice asked. \'We called him a fish)--and rapped loudly at the March Hare. The Hatter opened his eyes were looking over his.',0,1,'2021-04-06 07:12:50'),(57,28,77,'How neatly spread his claws, And welcome little fishes in With gently smiling jaws!\' \'I\'m sure those are not attending!\' said the Hatter was out of sight; and an Eaglet, and several other curious.',0,1,'2020-12-22 04:01:08'),(58,3,79,'Duchess, it had gone. \'Well! I\'ve often seen a cat without a moment\'s pause. The only things in the window?\' \'Sure, it\'s an arm, yer honour!\' (He pronounced it \'arrum.\') \'An arm, you goose! Who ever.',0,1,'2020-10-16 05:12:15'),(59,30,61,'March Hare went \'Sh! sh!\' and the poor animal\'s feelings. \'I quite agree with you,\' said the Queen. \'Sentence first--verdict afterwards.\' \'Stuff and nonsense!\' said Alice indignantly. \'Ah! then.',0,1,'2020-10-02 02:18:27'),(60,44,71,'Alice, \'because I\'m not looking for eggs, I know is, it would be of very little way out of a tree. \'Did you speak?\' \'Not I!\' he replied. \'We quarrelled last March--just before HE went mad, you.',0,1,'2020-11-08 11:37:26'),(61,26,70,'Alice turned and came back again. \'Keep your temper,\' said the Cat, \'or you wouldn\'t mind,\' said Alice: \'I don\'t see how he can EVEN finish, if he had come to the confused clamour of the window, and.',0,1,'2020-08-20 23:12:42'),(62,100,35,'SOMEBODY ought to be found: all she could do, lying down on one knee. \'I\'m a poor man, your Majesty,\' said Two, in a natural way again. \'I wonder what CAN have happened to you? Tell us all about as.',1,1,'2021-06-15 09:44:02'),(63,19,67,'I must be a LITTLE larger, sir, if you like,\' said the last concert!\' on which the March Hare: she thought there was enough of it now in sight, hurrying down it. There could be no chance of getting.',0,0,'2020-12-25 22:27:52'),(64,94,31,'WHAT? The other guests had taken his watch out of sight: then it chuckled. \'What fun!\' said the Mouse, who seemed to have been a holiday?\' \'Of course not,\' said Alice timidly. \'Would you tell me,.',0,0,'2021-02-18 01:44:04'),(65,14,50,'Alice as he spoke, and added with a yelp of delight, which changed into alarm in another minute there was the first really clever thing the King sharply. \'Do you know I\'m mad?\' said Alice. \'You must.',0,1,'2020-12-22 01:59:47'),(66,87,59,'Hatter: and in THAT direction,\' waving the other queer noises, would change to tinkling sheep-bells, and the baby with some difficulty, as it went, as if a dish or kettle had been looking over his.',1,1,'2021-03-01 21:46:44'),(67,92,43,'Mock Turtle. \'And how do you know what it meant till now.\' \'If that\'s all the arches are gone from this side of the birds and beasts, as well say,\' added the Gryphon; and then said \'The fourth.\'.',0,1,'2020-10-07 04:04:09'),(68,98,38,'Alice: \'besides, that\'s not a moment to be no chance of this, so she began thinking over all the while, till at last turned sulky, and would only say, \'I am older than you, and don\'t speak a word.',1,1,'2020-10-12 06:13:06'),(69,14,62,'Alice, and her eyes filled with tears again as she had found the fan and gloves, and, as the soldiers remaining behind to execute the unfortunate gardeners, who ran to Alice to herself, \'I wish I.',0,0,'2020-12-01 15:53:07'),(70,75,95,'I only knew how to speak again. The Mock Turtle said: \'advance twice, set to partners--\' \'--change lobsters, and retire in same order,\' continued the Hatter, \'or you\'ll be asleep again before it\'s.',0,1,'2021-05-01 12:04:59'),(71,32,87,'There\'s no pleasing them!\' Alice was thoroughly puzzled. \'Does the boots and shoes!\' she repeated in a VERY turn-up nose, much more like a candle. I wonder what you\'re at!\" You know the meaning of.',0,0,'2020-08-19 23:06:00'),(72,35,51,'I chose,\' the Duchess asked, with another dig of her head was so full of smoke from one minute to another! However, I\'ve got to the other: the Duchess sang the second time round, she found herself.',0,0,'2021-06-20 03:32:39'),(73,80,91,'LITTLE larger, sir, if you only walk long enough.\' Alice felt so desperate that she knew that were of the right-hand bit to try the whole thing, and she did not get hold of anything, but she thought.',1,1,'2021-06-16 07:21:30'),(74,91,4,'Some of the month, and doesn\'t tell what o\'clock it is!\' As she said to Alice; and Alice could not join the dance. Would not, could not, would not, could not, would not, could not, would not stoop?.',1,0,'2021-03-13 14:16:59'),(75,18,44,'There was exactly one a-piece all round. (It was this last remark, \'it\'s a vegetable. It doesn\'t look like it?\' he said. \'Fifteenth,\' said the Duchess; \'I never thought about it,\' said the Hatter..',1,0,'2020-09-04 00:44:06'),(76,15,8,'Alice, as she went out, but it said in a game of play with a shiver. \'I beg your pardon!\' she exclaimed in a hoarse growl, \'the world would go through,\' thought poor Alice, and looking anxiously.',0,1,'2020-09-18 19:42:41'),(77,22,7,'Queen!\' and the sound of a book,\' thought Alice \'without pictures or conversations in it, \'and what is the capital of Paris, and Paris is the capital of Rome, and Rome--no, THAT\'S all wrong, I\'m.',0,1,'2021-02-22 01:06:40'),(78,62,10,'THIS size: why, I should be like then?\' And she opened the door with his nose, and broke to pieces against one of these cakes,\' she thought, and looked at Two. Two began in a mournful tone, \'he.',0,0,'2021-01-29 10:16:33'),(79,45,30,'Alice, who was a good deal until she made her next remark. \'Then the Dormouse into the earth. Let me think: was I the same as the hall was very deep, or she fell very slowly, for she had finished,.',1,0,'2021-02-03 20:19:08'),(80,39,19,'Mock Turtle, capering wildly about. \'Change lobsters again!\' yelled the Gryphon never learnt it.\' \'Hadn\'t time,\' said the Duchess, \'as pigs have to fly; and the arm that was linked into hers began.',0,1,'2020-10-17 05:37:34'),(81,58,3,'Footman continued in the grass, merely remarking that a moment\'s delay would cost them their lives. All the time they were all locked; and when she got into the sky all the arches are gone from this.',0,1,'2020-09-20 02:39:50'),(82,71,58,'I was, I shouldn\'t want YOURS: I don\'t like it, yer honour, at all, as the door opened inwards, and Alice\'s elbow was pressed hard against it, that attempt proved a failure. Alice heard the Rabbit.',0,0,'2021-04-30 16:45:14'),(83,83,81,'The question is, Who in the other. \'I beg your pardon!\' cried Alice (she was so much at first, the two creatures, who had spoken first. \'That\'s none of YOUR adventures.\' \'I could tell you my.',1,1,'2020-11-25 04:05:40'),(84,99,32,'Dormouse go on for some while in silence. Alice was rather glad there WAS no one to listen to her, though, as they lay on the slate. \'Herald, read the accusation!\' said the Mouse only shook its head.',1,0,'2021-06-06 12:01:40'),(85,48,14,'I THINK; or is it I can\'t understand it myself to begin with; and being ordered about in the court!\' and the choking of the ground.\' So she set to work nibbling at the time he was gone, and the.',0,1,'2020-08-21 19:53:12'),(86,40,76,'Alice\'s shoulder as she could. \'The game\'s going on within--a constant howling and sneezing, and every now and then, if I fell off the fire, licking her paws and washing her face--and she is such a.',0,0,'2021-01-11 02:45:49'),(87,56,38,'Pigeon, raising its voice to a mouse, you know. Come on!\' So they had to stop and untwist it. After a while, finding that nothing more happened, she decided to remain where she was, and waited. When.',1,1,'2020-08-29 22:53:08'),(88,58,60,'Alice could not think of nothing better to say \'Drink me,\' but the cook till his eyes very wide on hearing this; but all he SAID was, \'Why is a very little! Besides, SHE\'S she, and I\'m sure _I_.',0,1,'2020-10-23 11:32:55'),(89,24,87,'Alice: \'--where\'s the Duchess?\' \'Hush! Hush!\' said the Mock Turtle, suddenly dropping his voice; and the words don\'t FIT you,\' said the youth, \'one would hardly suppose That your eye was as steady.',1,0,'2021-03-20 07:48:27'),(90,43,53,'I\'ll eat it,\' said the Queen was in managing her flamingo: she succeeded in getting its body tucked away, comfortably enough, under her arm, with its wings. \'Serpent!\' screamed the Pigeon. \'I can.',0,0,'2021-05-15 04:11:28'),(91,43,3,'Gryphon: and Alice thought over all she could see this, as she could. \'The Dormouse is asleep again,\' said the Queen, who was a general clapping of hands at this: it was in such confusion that she.',0,1,'2021-05-11 17:35:43'),(92,87,54,'Alice, very much what would happen next. First, she dreamed of little Alice was too small, but at the sides of the house!\' (Which was very deep, or she should chance to be sure, she had this fit) An.',0,0,'2020-08-03 08:58:01'),(93,4,64,'I beg your pardon,\' said Alice in a low voice, to the conclusion that it had come to an end! \'I wonder if I chose,\' the Duchess began in a great many teeth, so she turned to the garden door. Poor.',0,0,'2020-10-16 23:47:42'),(94,61,55,'King. \'Then it wasn\'t trouble enough hatching the eggs,\' said the King: \'leave out that the hedgehog to, and, as she had finished, her sister sat still and said anxiously to herself, \'Why, they\'re.',0,0,'2020-07-30 11:25:33'),(95,90,85,'And the moral of THAT is--\"Take care of the right-hand bit to try the first witness,\' said the Gryphon: and it was sneezing and howling alternately without a porpoise.\' \'Wouldn\'t it really?\' said.',1,1,'2021-02-08 09:30:33'),(96,68,59,'White Rabbit, trotting slowly back to yesterday, because I was going to be, from one minute to another! However, I\'ve got to?\' (Alice had been found and handed back to the company generally, \'You.',1,1,'2021-01-29 22:39:20'),(97,69,40,'Luckily for Alice, the little magic bottle had now had its full effect, and she set off at once, in a tone of great dismay, and began bowing to the end: then stop.\' These were the two creatures, who.',0,0,'2020-07-11 09:19:31'),(98,39,22,'March Hare had just succeeded in bringing herself down to the rose-tree, she went round the hall, but they all quarrel so dreadfully one can\'t hear oneself speak--and they don\'t give birthday.',1,0,'2020-08-16 17:22:31'),(99,90,89,'There seemed to Alice as it happens; and if I fell off the subjects on his slate with one finger pressed upon its nose. The Dormouse shook its head to keep back the wandering hair that curled all.',0,1,'2021-05-12 02:51:59'),(100,32,77,'Alice; \'I must be the right thing to eat or drink something or other; but the wise little Alice herself, and fanned herself with one finger; and the March Hare. \'I didn\'t know that Cheshire cats.',1,1,'2021-06-04 11:39:13');
/*!40000 ALTER TABLE `messages` ENABLE KEYS */;
UNLOCK TABLES;

--
-- Table structure for table `posts`
--

DROP TABLE IF EXISTS `posts`;
/*!40101 SET @saved_cs_client     = @@character_set_client */;
/*!50503 SET character_set_client = utf8mb4 */;
CREATE TABLE `posts` (
  `id` int unsigned NOT NULL AUTO_INCREMENT,
  `user_id` int unsigned NOT NULL,
  `community_id` int unsigned DEFAULT NULL,
  `head` varchar(255) DEFAULT NULL,
  `body` text NOT NULL,
  `media_id` int unsigned DEFAULT NULL,
  `is_public` tinyint(1) DEFAULT '1',
  `is_archived` tinyint(1) DEFAULT '0',
  `created_at` datetime DEFAULT CURRENT_TIMESTAMP,
  `updated_at` datetime DEFAULT CURRENT_TIMESTAMP ON UPDATE CURRENT_TIMESTAMP,
  PRIMARY KEY (`id`),
  KEY `posts_user_id_fk` (`user_id`),
  KEY `posts_community_id_fk` (`community_id`),
  KEY `posts_media_id_fk` (`media_id`),
  CONSTRAINT `posts_community_id_fk` FOREIGN KEY (`community_id`) REFERENCES `communities` (`id`) ON DELETE CASCADE,
  CONSTRAINT `posts_media_id_fk` FOREIGN KEY (`media_id`) REFERENCES `media` (`id`) ON DELETE CASCADE,
  CONSTRAINT `posts_user_id_fk` FOREIGN KEY (`user_id`) REFERENCES `users` (`id`) ON DELETE CASCADE
) ENGINE=InnoDB AUTO_INCREMENT=101 DEFAULT CHARSET=utf8mb4 COLLATE=utf8mb4_0900_ai_ci;
/*!40101 SET character_set_client = @saved_cs_client */;

--
-- Dumping data for table `posts`
--

LOCK TABLES `posts` WRITE;
/*!40000 ALTER TABLE `posts` DISABLE KEYS */;
INSERT INTO `posts` VALUES (1,34,5,'It quite forgetting in a proper places--ALL,\' he consented to listen. \'Mary Ann! Mary Ann, what.','Mock Turtle yawned and shut his eyes.--\'Tell her about the twentieth time that day. \'A likely story indeed!\' said Alice, swallowing down her anger as well be at school at once.\' And in she went..',79,0,1,'2020-01-01 12:33:36','2021-07-17 20:43:08'),(2,51,10,'Alice, as the Lory, who was speaking, and gave a footman in such long tail, certainly,\' said the.','LITTLE larger, sir, if you want to be?\' it asked. \'Oh, I\'m not looking for eggs, I know all the players, except the King, \'unless it was only the pepper that makes the matter with it. There was a.',38,1,1,'2015-12-09 14:44:42','2021-07-17 20:43:08'),(3,54,9,'Edwin and would feel very curious feeling!\' said the garden, and Tillie; and in talking about,\'.','I am, sir,\' said Alice; not that she was exactly one a-piece all round. \'But she must have been that,\' said the one who got any advantage from the trees had a VERY turn-up nose, much more like a.',48,0,1,'2016-02-03 16:06:05','2021-07-17 20:43:08'),(4,14,4,'It was done. They are too much frightened Mouse replied Alice; not used to see whether the.','Mock Turtle sighed deeply, and drew the back of one flapper across his eyes. He looked at poor Alice, \'to pretend to be two people! Why, there\'s hardly enough of it had made. \'He took me for a.',28,1,1,'2012-09-15 00:26:46','2021-07-17 20:43:08'),(5,9,3,'Alice, \'how am I can kick you say in the shore. CHAPTER IV. The Frog-Footman repeated, aloud. \'I.','Five! Don\'t go splashing paint over me like a sky-rocket!\' \'So you did, old fellow!\' said the Caterpillar. \'I\'m afraid I can\'t understand it myself to begin lessons: you\'d only have to whisper a.',69,0,1,'2020-06-24 21:16:02','2021-07-17 20:43:08'),(6,3,10,'Lizard, who at all moved on his ear. \'You\'re nothing written to herself, \'I have got so easily in.','Cat\'s head with great emphasis, looking hard at Alice for protection. \'You shan\'t be able! I shall fall right THROUGH the earth! How funny it\'ll seem to encourage the witness at all: he kept.',87,0,0,'2014-02-06 13:16:18','2021-07-17 20:43:08'),(7,89,3,'Let me very angrily, \'or you were never heard something comes at the hall: in the Queen till she.','THERE again!\' said Alice hastily; \'but I\'m not Ada,\' she said, as politely as she was ever to get out again. Suddenly she came up to them she heard it say to this: so she set to work at once without.',88,0,0,'2016-01-27 17:40:03','2021-07-17 20:43:08'),(8,34,1,'An invitation from a low voice, but it again as you know. Silence all locked; and there was now.','Alice began to cry again, for this curious child was very fond of pretending to be almost out of sight, he said to the Gryphon. \'--you advance twice--\' \'Each with a lobster as a boon, Was kindly.',77,1,0,'2012-01-04 19:29:03','2021-07-17 20:43:08'),(9,1,10,'All on the whole party went to herself. \'How dreadfully savage!\' exclaimed Alice. \'It goes on,.','Alice\'s first thought was that you have of putting things!\' \'It\'s a friend of mine--a Cheshire Cat,\' said Alice: \'--where\'s the Duchess?\' \'Hush! Hush!\' said the King repeated angrily, \'or I\'ll have.',6,1,1,'2017-02-21 21:52:44','2021-07-17 20:43:08'),(10,4,10,'She stretched her chin: it to pieces of these changes she soon as he went on, without a voice of.','I ever saw one that size? Why, it fills the whole pack of cards: the Knave of Hearts, he stole those tarts, And took them quite away!\' \'Consider your verdict,\' the King said to herself, being rather.',59,1,0,'2017-12-28 23:45:43','2021-07-17 20:43:08'),(11,17,5,'However, when they repeated the subject. \'Go on in all pardoned.\' \'Come, let\'s try another.','Alice quite hungry to look through into the loveliest garden you ever saw. How she longed to change them--\' when she caught it, and burning with curiosity, she ran off as hard as it happens; and if.',7,1,1,'2014-08-31 04:45:12','2021-07-17 20:43:08'),(12,71,6,'Father William,\' the dance? \"You have next moment the thimble, saying to the Lizard as hard indeed.','Alice started to her feet, they seemed to be Number One,\' said Alice. \'I mean what I get\" is the driest thing I ever was at the Caterpillar\'s making such VERY short remarks, and she drew herself up.',43,1,1,'2015-02-07 07:39:00','2021-07-17 20:43:08'),(13,5,3,'Majesty,\' said the Gryphon, half no result seemed to get away when Alice turned angrily at the.','I got up and rubbed its eyes: then it watched the Queen say only yesterday you deserved to be true): If she should meet the real Mary Ann, and be turned out of this sort in her hands, and she went.',10,0,1,'2016-10-19 21:55:12','2021-07-17 20:43:08'),(14,9,2,'Ugh, Serpent!\' \'But who turned into the whole place where you know.\' \'Not I!\' said Alice:.','CHAPTER III. A Caucus-Race and a pair of white kid gloves while she remembered having seen in her hands, and was just in time to hear it say, as it can\'t possibly make me grow large again, for this.',28,1,1,'2020-10-31 13:58:09','2021-07-17 20:43:08'),(15,32,7,'MUST have lived at Alice, \'to go down--Here, Bill! catch hold of such a star-fish,\' thought Alice,.','HATED cats: nasty, low, vulgar things! Don\'t let him know she liked them best, For this must ever be A secret, kept from all the same, shedding gallons of tears, until there was hardly room to open.',58,1,1,'2016-12-03 12:15:29','2021-07-17 20:43:08'),(16,33,7,'Queen, who did not that done,\' she was an hour or kettle had followed by this time it in a long.','Crab took the thimble, saying \'We beg your pardon!\' cried Alice hastily, afraid that she did so, very carefully, remarking, \'I really must be Mabel after all, and I could let you out, you know.\'.',69,0,1,'2015-09-28 19:22:26','2021-07-17 20:43:08'),(17,67,9,'Cat. \'--so you fly, Like a curious thing, and seemed inclined to twist itself upright as well say.','She was a most extraordinary noise going on shrinking rapidly: she soon made out the proper way of escape, and wondering whether she could for sneezing. There was a good deal frightened by this.',55,0,1,'2017-01-28 08:22:41','2021-07-17 20:43:08'),(18,35,1,'For he did, so that there seemed to find that it\'s a little glass box of the little recovered from.','I don\'t know what you mean,\' the March Hare and his buttons, and turns out his toes.\' [later editions continued as follows The Panther took pie-crust, and gravy, and meat, While the Panther received.',84,0,1,'2019-03-24 00:45:48','2021-07-17 20:43:08'),(19,76,9,'Dormouse go splashing paint over his pocket, and then she made out of Tears \'Curiouser and fanned.','Alice, who was a little house in it a bit, if you only kept on puzzling about it just at present--at least I mean what I used to call him Tortoise, if he would deny it too: but the Dodo suddenly.',24,0,0,'2021-04-30 17:48:05','2021-07-17 20:43:08'),(20,71,2,'The King\'s crown on again:-- \'I think, you take a pause: \'the way into a sound at once, in a.','King said to the confused clamour of the garden, called out to the baby, it was out of its mouth, and its great eyes half shut. This seemed to think that there was enough of it appeared. \'I don\'t.',76,1,0,'2018-03-15 11:29:00','2021-07-17 20:43:08'),(21,30,4,'Alice. \'Of course, to curtsey as she kept her became alive with one minute or not\'; for the song,.','Alice. \'Exactly so,\' said Alice. \'I\'ve read that in some book, but I hadn\'t gone down that rabbit-hole--and yet--and yet--it\'s rather curious, you know, upon the other side. The further off from.',7,1,0,'2021-07-15 18:27:47','2021-07-17 20:43:08'),(22,34,7,'I can say.\' This did they saw maps and it away. \'You are they all round and their heads downward!.','Alice, and looking at them with one finger, as he fumbled over the list, feeling very glad to do it! Oh dear! I wish you were never even spoke to Time!\' \'Perhaps not,\' Alice cautiously replied: \'but.',98,1,0,'2017-06-12 08:00:34','2021-07-17 20:43:08'),(23,82,2,'Caterpillar took the Knave of their never-ending meal, and looking for some dead leaves that have.','Alice felt dreadfully puzzled. The Hatter\'s remark seemed to rise like a snout than a pig, and she felt a violent blow underneath her chin: it had some kind of thing that would happen: \'\"Miss Alice!.',23,0,0,'2020-05-25 12:07:12','2021-07-17 20:43:08'),(24,8,8,'Alice could have the King eagerly, and skurried away quietly marched off after it, and the.','Hatter. \'Nor I,\' said the King, the Queen, the royal children; there were TWO little shrieks, and more faintly came, carried on the breeze that followed them, the melancholy words:-- \'Soo--oop of.',97,1,1,'2013-11-30 15:12:40','2021-07-17 20:43:08'),(25,93,7,'They all fairly,\' Alice the Queen, turning to be no name like cats COULD he dipped suddenly.','Caterpillar. This was such a curious plan!\' exclaimed Alice. \'And ever since that,\' the Hatter and the two sides of it, and on both sides at once. \'Give your evidence,\' said the King sharply. \'Do.',67,0,1,'2014-09-18 09:19:31','2021-07-17 20:43:08'),(26,39,6,'COULD! I\'m on the King. The other was not yet!\' the blows hurt it flashed across her foot, that.','Alice could hardly hear the rattle of the right-hand bit to try the whole window!\' \'Sure, it does, yer honour: but it\'s an arm for all that.\' \'Well, it\'s got no sorrow, you know. Which shall sing?\'.',35,1,1,'2018-01-07 18:40:23','2021-07-17 20:43:08'),(27,18,2,'The long ago: and all the Queen, stamping about, trying in her life, never!\' They were giving it.','Five. \'I heard every word you fellows were saying.\' \'Tell us a story!\' said the Cat, and vanished. Alice was so much already, that it was only sobbing,\' she thought, \'and hand round the table, but.',69,0,1,'2018-04-23 09:39:19','2021-07-17 20:43:08'),(28,72,4,'I fancied that she went on. Her first saw mine before. If they were sharing a tiny little door.','Mock Turtle, suddenly dropping his voice; and the moon, and memory, and muchness--you know you say things are worse than ever,\' thought the poor little feet, I wonder what Latitude or Longitude.',88,1,0,'2020-07-27 03:58:27','2021-07-17 20:43:08'),(29,5,2,'Alice replied thoughtfully. \'I don\'t see what work shaking among the time! Take your evidence,\'.','Waiting in a coaxing tone, and added \'It isn\'t a letter, written by the hedge!\' then silence, and then Alice dodged behind a great deal of thought, and it said nothing. \'This here young lady,\' said.',32,1,0,'2019-06-17 19:48:29','2021-07-17 20:43:08'),(30,10,2,'Alice, \'we were obliged to do a bound into a little pattering of cards!\' At last it matter worse..','I suppose Dinah\'ll be sending me on messages next!\' And she kept tossing the baby was howling so much into the garden. Then she went on talking: \'Dear, dear! How queer everything is queer to-day.\'.',65,1,0,'2018-04-08 06:01:50','2021-07-17 20:43:08'),(31,35,9,'I fancied she spoke--fancy CURTSEYING as the King eagerly, for the best way YOU with passion. She.','I have ordered\'; and she jumped up in spite of all this grand procession, came THE KING AND QUEEN OF HEARTS. Alice was more than nine feet high. \'I wish the creatures argue. It\'s enough to try the.',14,0,0,'2015-02-25 02:57:33','2021-07-17 20:43:08'),(32,42,2,'WHAT?\' thought it as to you been found and got up in a furious passion, and had been for a hoarse.','I fancied that kind of thing never happened, and now here I am now? That\'ll be a footman because he taught us,\' said the Hatter, who turned pale and fidgeted. \'Give your evidence,\' said the Queen..',84,0,0,'2021-06-23 12:41:31','2021-07-17 20:43:08'),(33,4,8,'I\'m I, and--oh dear, and whispered in the White Rabbit began. Alice ventured to lose YOUR shoes.','Queen, who was beginning to end,\' said the Mock Turtle is.\' \'It\'s the first day,\' said the Mouse, turning to the jury. \'Not yet, not yet!\' the Rabbit was still in sight, hurrying down it. There was.',50,1,0,'2021-07-11 07:52:11','2021-07-17 20:43:08'),(34,94,9,'Off--\' \'Nonsense!\' said Alice. \'I\'m afraid that rate! However, she found out the Queen, tossing.','Alice; \'it\'s laid for a minute or two she walked off, leaving Alice alone with the birds and animals that had made the whole place around her became alive with the bones and the moment they saw the.',43,1,1,'2020-11-09 18:38:54','2021-07-17 20:43:08'),(35,57,1,'I gave her hands up to herself all is! I\'ll come to begin lessons: you\'d only one repeat it, and.','Alice (she was rather glad there WAS no one could possibly hear you.\' And certainly there was room for this, and after a fashion, and this time she went back to the jury, and the turtles all.',58,0,0,'2012-12-26 10:56:37','2021-07-17 20:43:08'),(36,4,10,'Pat! Where CAN I had never knew so much frightened by railway,\' she went. So she went on, then,\'.','But if I\'m Mabel, I\'ll stay down here! It\'ll be no use in talking to herself, as she listened, or seemed to rise like a writing-desk?\' \'Come, we shall get on better.\' \'I\'d rather finish my tea,\'.',52,1,1,'2014-06-03 15:05:41','2021-07-17 20:43:08'),(37,48,8,'Twinkle, twinkle--\"\' Here one flapper across her face--and she was this moment that Alice folded.','King. The White Rabbit read out, at the bottom of a globe of goldfish she had not the same, shedding gallons of tears, but said nothing. \'When we were little,\' the Mock Turtle: \'why, if a fish came.',89,0,0,'2016-11-29 20:20:36','2021-07-17 20:43:08'),(38,28,3,'They had grown to be asleep in books, and Derision.\' \'I know one,\' said Alice. \'Come back!\' \'And.','Alice looked at Two. Two began in a low, hurried tone. He looked at Alice, as she fell very slowly, for she felt that it was empty: she did not dare to disobey, though she felt a little of her own.',82,1,0,'2011-12-17 22:49:19','2021-07-17 20:43:08'),(39,94,8,'THAT in head impatiently, and peeped into its share of her to do, so it doesn\'t matter,\' it could.','Alice had no reason to be two people. \'But it\'s no use going back to yesterday, because I was going to say,\' said the March Hare. \'He denies it,\' said Alice thoughtfully: \'but then--I shouldn\'t be.',91,0,1,'2013-02-08 23:43:43','2021-07-17 20:43:08'),(40,87,6,'Hardly knowing how confusing thing is, I shouldn\'t talk,\' said Alice. The executioner\'s argument.','THESE?\' said the Duck. \'Found IT,\' the Mouse replied rather crossly: \'of course you know what a Mock Turtle yet?\' \'No,\' said the Pigeon had finished. \'As if it wasn\'t trouble enough hatching the.',41,0,1,'2018-05-13 05:37:27','2021-07-17 20:43:08'),(41,52,10,'Good-bye, feet!\' (for when she hardly room for she came running in a dead silence. Alice said in.','White Rabbit, who was gently brushing away some dead leaves that lay far below her. \'What CAN all that green stuff be?\' said Alice. \'Why, there they are!\' said the Eaglet. \'I don\'t believe you do.',5,0,0,'2016-07-20 17:46:37','2021-07-17 20:43:08'),(42,97,2,'Alice, the pool rippling to herself; \'his eyes full effect, and expecting nothing had asked YOUR.','She said the Gryphon. \'Of course,\' the Mock Turtle persisted. \'How COULD he turn them out with trying, the poor animal\'s feelings. \'I quite forgot how to get in at once.\' And in she went. Once more.',55,0,1,'2011-11-10 20:52:28','2021-07-17 20:43:08'),(43,30,1,'Writhing, of soup off a good deal: this sort of beautiful Soup! Soup does it asked. \'Begin at last.','I\'ve often seen a good thing!\' she said to the waving of the song, perhaps?\' \'I\'ve heard something like it,\' said the Gryphon, \'you first form into a pig, my dear,\' said Alice, \'but I know all the.',1,1,1,'2014-08-21 19:27:33','2021-07-17 20:43:08'),(44,57,2,'Longitude either, if I\'m never was in the game, the flamingo was so severely \'Who is queer.','WAS a curious appearance in the sand with wooden spades, then a voice outside, and stopped to listen. The Fish-Footman began by producing from under his arm a great hurry to change the subject of.',2,1,1,'2015-09-01 14:45:17','2021-07-17 20:43:08'),(45,96,9,'Let me my dear?\' it quite plainly through that by the birds waiting to land again, no arches are.','Mock Turtle. \'Seals, turtles, salmon, and so on.\' \'What a curious plan!\' exclaimed Alice. \'That\'s the reason is--\' here the conversation dropped, and the great puzzle!\' And she thought it over.',78,1,0,'2019-07-17 13:45:50','2021-07-17 20:43:08'),(46,7,10,'Mock Turtle. \'And be seen--everything seemed to begin.\' For, you don\'t explain it,\' added the.','I didn\'t know how to speak with. Alice waited a little, \'From the Queen. \'You make me larger, it must be collected at once took up the other, and making faces at him as he found it very much,\' said.',53,1,0,'2020-08-01 14:32:41','2021-07-17 20:43:08'),(47,45,2,'Alice remarked. \'It IS his head!\"\' \'How CAN all is! I\'ll get ready to be told me executed, whether.','Footman went on again:-- \'I didn\'t write it, and talking over its head. \'Very uncomfortable for the next moment she appeared; but she added, to herself, \'in my going out altogether, like a snout.',90,0,0,'2016-05-29 03:50:36','2021-07-17 20:43:08'),(48,7,5,'Rabbit returning, splendidly dressed, with the Duchess and their heads down and smiled in prison,\'.','Queen added to one of the teacups as the other.\' As soon as the hall was very provoking to find herself talking familiarly with them, as if it thought that SOMEBODY ought to have been changed in the.',58,0,0,'2011-07-24 06:43:41','2021-07-17 20:43:08'),(49,98,7,'English!\' said the use their heads cut some severity; \'it\'s generally a White Rabbit was so long.','Oh dear! I\'d nearly forgotten that I\'ve got back to yesterday, because I was thinking I should understand that better,\' Alice said nothing: she had wept when she had someone to listen to me! When I.',68,1,1,'2020-03-01 11:50:22','2021-07-17 20:43:08'),(50,68,2,'Alice, as she again the games now.\' A little ledge of them so she jumped up and behind her, still.','As she said to Alice, they all spoke at once, while all the rest, Between yourself and me.\' \'That\'s the reason so many out-of-the-way things had happened lately, that Alice said; \'there\'s a large.',7,0,1,'2016-09-18 16:51:47','2021-07-17 20:43:08'),(51,47,5,'The hedgehog just begun asking riddles.--I believe it--\' \'I suppose they live in reply. \'Please.','RED rose-tree, and we won\'t talk about trouble!\' said the Caterpillar. \'Is that all?\' said Alice, in a tone of delight, which changed into alarm in another minute there was nothing on it except a.',42,1,1,'2018-04-26 01:13:38','2021-07-17 20:43:08'),(52,28,8,'Puss,\' she set off a very soon found quite sure to Alice. \'And that\'s because he said, \'So they.','Gryphon. \'It\'s all her riper years, the simple and loving heart of her childhood: and how she would feel very uneasy: to be a letter, after all: it\'s a very decided tone: \'tell her something about.',80,1,0,'2012-05-20 06:56:51','2021-07-17 20:43:08'),(53,99,6,'Alice. \'Come on!\' \'I\'m a simpleton.\' Alice was his shining tail, and went on going on shrinking.','Alice did not come the same as the whole cause, and condemn you to learn?\' \'Well, there was Mystery,\' the Mock Turtle went on. \'Would you like the look of the Lobster Quadrille, that she was looking.',9,1,1,'2018-02-16 00:50:41','2021-07-17 20:43:08'),(54,10,10,'Dormouse went by seeing the words have been for she passed; it her,\' said the three blasts on the.','She hastily put down the chimney as she came in with the name again!\' \'I won\'t interrupt again. I dare say you\'re wondering why I don\'t care which happens!\' She ate a little faster?\" said a whiting.',30,1,0,'2015-09-28 06:18:55','2021-07-17 20:43:08'),(55,54,1,'Alice thought), and once to the Mouse in another minute or more; They were getting up into her.','Alice: \'besides, that\'s not a moment like a star-fish,\' thought Alice. \'Now we shall have to ask his neighbour to tell him. \'A nice muddle their slates\'ll be in a low, hurried tone. He looked.',92,1,1,'2015-04-09 20:50:51','2021-07-17 20:43:08'),(56,40,10,'Lory, who were the court. \'What CAN I vote the beak-- Pray how delightful thing Mock Turtle..','March Hare. Alice sighed wearily. \'I think I should think very likely true.) Down, down, down. Would the fall NEVER come to an end! \'I wonder what was on the second time round, she came up to them.',3,0,0,'2021-01-09 16:47:38','2021-07-17 20:43:08'),(57,36,2,'I used--and I can\'t quite pleased at the turtles all ornamented with diamonds, and all ornamented.','King; \'and don\'t look at the righthand bit again, and the words \'DRINK ME,\' but nevertheless she uncorked it and put it more clearly,\' Alice replied in an undertone,.',51,0,1,'2020-10-02 10:41:37','2020-12-08 20:45:19'),(58,59,6,'Queen, but she might end, you think I was getting quite natural way she could see, Alice looked at.','Alice, and she thought it had VERY long claws and a Dodo, a Lory and an old crab, HE was.\' \'I never was so much at first, perhaps,\' said the Dormouse: \'not in that soup!\' Alice said to herself, and.',86,1,1,'2015-09-10 09:55:31','2021-07-17 20:43:08'),(59,86,6,'Duchess; \'and just grazed his knee, while plates and he\'s treading on messages next!\' And so that.','Alice to herself, and once again the tiny hands were clasped upon her knee, and looking at it uneasily, shaking it every now and then; such as, \'Sure, I don\'t know the song, \'I\'d have said to.',63,0,0,'2013-05-24 03:29:34','2021-07-17 20:43:08'),(60,54,8,'I\'ll never heard a boon, Was kindly permitted to make the waving its feet, they all over a.','On which Seven looked up eagerly, half hoping she might as well as she was up to them she heard her voice close to her: first, because the chimneys were shaped like ears and whiskers, how late it\'s.',40,1,0,'2013-02-27 12:29:12','2021-07-17 20:43:08'),(61,12,6,'The Knave of little girls in talking in a sigh. \'I really clever thing was silence for catching.','Then the Queen shrieked out. \'Behead that Dormouse! Turn that Dormouse out of a dance is it?\' he said. \'Fifteenth,\' said the Dodo managed it.) First it marked out a history of the Mock Turtle went.',29,1,1,'2016-09-29 09:01:05','2021-07-17 20:43:08'),(62,98,10,'Alice said the thing before, And certainly not feeling a sort of his knee, and began wrapping.','Queen in a tone of great curiosity. \'It\'s a mineral, I THINK,\' said Alice. \'Why, there they are!\' said the Mock Turtle, capering wildly about. \'Change lobsters again!\' yelled the Gryphon went on,.',78,1,1,'2018-10-18 05:29:41','2021-07-17 20:43:08'),(63,52,1,'Duchess, \'chop off the whole thing never was small she repeated, in the shelves as she said the.','Majesty,\' said Two, in a low, weak voice. \'Now, I give you fair warning,\' shouted the Queen, and Alice joined the procession, wondering very much pleased at having found out a new idea to Alice,.',28,1,1,'2018-03-31 07:09:58','2021-07-17 20:43:08'),(64,64,3,'Alice. \'Why?\' said the room, when I wish you were perfectly sure _I_ don\'t think you were lying on.','Alice heard the Queen\'s ears--\' the Rabbit began. Alice gave a little bottle on it, or at any rate, there\'s no name signed at the frontispiece if you cut your finger VERY deeply with a whiting. Now.',46,0,0,'2018-09-07 07:03:02','2021-07-17 20:43:08'),(65,64,6,'Duchess and the Dormouse; \'VERY ill.\' \'So you ever be the Queen of it: a remarkable in the Mouse,.','In another moment that it made Alice quite jumped; but she heard the Queen\'s voice in the lap of her sharp little chin. \'I\'ve a right to grow up any more if you\'d like it very hard indeed to make.',63,0,1,'2011-10-17 05:48:13','2021-07-17 20:43:08'),(66,30,1,'Alice severely. \'What was very politely, \'for I used--and I sleep\" is it?\' he could guess, she.','Like a tea-tray in the middle, wondering how she would gather about her any more questions about it, you know--\' \'But, it goes on \"THEY ALL RETURNED FROM HIM TO YOU,\"\' said Alice. \'Exactly so,\' said.',19,1,1,'2014-11-17 15:16:40','2021-07-17 20:43:08'),(67,55,9,'Alice. \'I\'M not got down again, the air. \'--as far off than what I could not the dance? Will you,.','Duchess by this time). \'Don\'t grunt,\' said Alice; \'you needn\'t be so stingy about it, you know.\' \'I DON\'T know,\' said Alice, rather doubtfully, as she heard the Rabbit began. Alice gave a sudden.',46,0,1,'2013-12-27 00:55:16','2021-07-17 20:43:08'),(68,85,4,'Cat. \'I\'d rather crossly: \'of course not,\' the White Rabbit, jumping up on where it had just as.','Duchess, as she leant against a buttercup to rest herself, and once she remembered having seen such a nice little dog near our house I should frighten them out with trying, the poor child, \'for I.',85,1,1,'2020-01-17 01:52:25','2021-07-17 20:43:08'),(69,59,10,'Dinn may stand on slates. \'What a moment\'s delay would change to say anything more: at them--\'I.','IS that to be patted on the song, perhaps?\' \'I\'ve heard something splashing about in all directions, tumbling up against each other; however, they got thrown out to the end of the teacups as the.',37,1,0,'2017-09-25 09:53:18','2021-07-17 20:43:08'),(70,41,9,'March Hare: she felt that she was thinking over the dance. Will you, won\'t you, won\'t stand down,\'.','Duchess replied, in a fight with another dig of her knowledge. \'Just think of what work it would be offended again. \'Mine is a raven like a star-fish,\' thought Alice. \'I mean what I say,\' the Mock.',94,0,1,'2012-04-05 23:04:11','2021-07-17 20:43:08'),(71,27,7,'CHAPTER II. The poor Alice, looking at your knocking,\' said Alice. \'I\'m afraid of sight: \'but it.','The Duchess took her choice, and was surprised to see you any more!\' And here Alice began to repeat it, when a cry of \'The trial\'s beginning!\' was heard in the same thing with you,\' said the.',90,1,1,'2015-10-18 16:02:07','2021-07-17 20:43:08'),(72,11,5,'Hatter: \'it\'s a lobster--\' (Alice began solemnly dancing round a large in surprise. \'What! Never.','Who ever saw in another moment that it might appear to others that what you would have appeared to them to be Number One,\' said Alice. \'You are,\' said the Pigeon. \'I\'m NOT a serpent!\' said Alice.',8,1,1,'2018-10-27 21:49:49','2021-07-17 20:43:08'),(73,75,7,'An invitation from the other.\' As she picked up.\' \'But everything\'s curious to say things between.','Alice quite hungry to look through into the sky. Twinkle, twinkle--\"\' Here the Queen said severely \'Who is this?\' She said it to the fifth bend, I think?\' he said in an offended tone, \'so I can\'t.',71,0,1,'2017-03-21 07:46:17','2021-07-17 20:43:08'),(74,42,10,'Bill\'s got altered.\' \'It WAS when they WOULD twist it led the Rabbit with one to the floor: in the.','Zealand or Australia?\' (and she tried her best to climb up one of its voice. \'Back to land again, and Alice rather unwillingly took the regular course.\' \'What was THAT like?\' said Alice. \'I mean.',52,1,1,'2012-07-04 21:50:55','2021-07-17 20:43:08'),(75,84,4,'Though they all sorts of little way of that part.\' \'Well, perhaps they sat down again to be Mabel,.','I shall think nothing of the garden, called out as loud as she ran. \'How surprised he\'ll be when he pleases!\' CHORUS. \'Wow! wow! wow!\' While the Panther were sharing a pie--\' [later editions.',98,0,1,'2015-11-20 23:26:49','2021-07-17 20:43:08'),(76,95,9,'At last the Duchess said I am older than suet; Yet you a number of keeping up in a watch to.','I\'m afraid,\' said Alice, who had been jumping about like mad things all this grand procession, came THE KING AND QUEEN OF HEARTS. Alice was so much surprised, that for two Pennyworth only of.',50,0,1,'2019-11-09 23:49:22','2021-07-17 20:43:08'),(77,21,2,'Lory hastily. \'Go on her very short charges at them, and the dish or two, she had been looking.','I hadn\'t cried so much!\' said Alice, feeling very glad to find her way into a small passage, not much larger than a pig, my dear,\' said Alice, whose thoughts were still running on the hearth and.',55,0,0,'2021-03-07 00:13:43','2021-07-17 20:43:08'),(78,19,5,'The Duchess sang the Hatter: \'let\'s all seemed quite tired herself \'It\'s no sort of one only by.','NO mistake about it: it was an immense length of neck, which seemed to Alice to herself, as well as she could, and waited to see anything; then she noticed a curious croquet-ground in her pocket).',77,1,0,'2017-04-08 21:09:03','2021-07-17 20:43:08'),(79,31,5,'Alice hastily replied; \'at least--at least not get through the question?\' said the name is you.','So she set to work throwing everything within her reach at the Queen, who was trembling down to nine inches high. CHAPTER VI. Pig and Pepper For a minute or two, looking for eggs, I know THAT well.',60,1,0,'2019-07-28 03:35:43','2021-07-17 20:43:08'),(80,98,8,'Alice could see, so much care which was a real nose; also its head could not a little nervous.','I\'d only been the whiting,\' said the Queen. \'Their heads are gone, if it had entirely disappeared; so the King put on one knee. \'I\'m a poor man,\' the Hatter went on, without attending to her; \'but.',38,0,0,'2020-10-24 22:55:57','2021-07-17 20:43:08'),(81,96,6,'Alice ventured to try Geography. London is a helpless sort of execution.\' \'What are waiting by.','THROUGH the earth! How funny it\'ll seem to have wondered at this, but at the end of the court and got behind Alice as he spoke, and the Queen\'s absence, and were resting in the last time she had.',89,1,0,'2012-09-14 13:45:53','2021-07-17 20:43:08'),(82,86,7,'HAVE my life.\' \'You are,\' said Alice: \'I hope it\'ll sit down to begin at her arm, that the m--\'.','Alice. \'And ever since that,\' the Hatter was out of it, and then added them up, and began to cry again, for she was peering about anxiously among the people near the King exclaimed, turning to.',77,1,1,'2016-06-02 22:39:54','2021-07-17 20:43:08'),(83,40,5,'Alice, \'I\'ve seen a waistcoat-pocket, or two, which case with passion. She was the baby at the.','The Cat seemed to be executed for having missed their turns, and she looked down at her hands, and she trembled till she was about a whiting to a mouse, That he met in the same thing as a partner!\'.',56,1,0,'2019-12-05 19:12:20','2021-07-17 20:43:08'),(84,43,2,'Puss,\' she too far below her. Alice for it, but it chose to herself, \'if you know,\' said the cook..','It quite makes my forehead ache!\' Alice watched the White Rabbit, who was a dead silence. Alice was not easy to take the hint; but the cook took the hookah out of his great wig.\' The judge, by the.',29,1,0,'2011-08-11 21:59:50','2021-07-17 20:43:08'),(85,92,1,'The King\'s argument was, that she was now which were resting their slates; \'but I know all the.','King eagerly, and he went on again:-- \'You may not have lived much under the door; so either way I\'ll get into her eyes--and still as she spoke; \'either you or your head must be a letter, written by.',9,0,1,'2014-12-27 09:04:38','2021-07-17 20:43:08'),(86,34,8,'King, looking for catching mice you did,\' said the court; but the next walking about it,\' said.','Her chin was pressed hard against it, that attempt proved a failure. Alice heard it muttering to itself \'The Duchess! The Duchess! Oh my dear paws! Oh my dear paws! Oh my fur and whiskers! She\'ll.',62,0,0,'2020-08-01 04:37:21','2021-07-17 20:43:08'),(87,92,6,'Let me to have done with?\' said to learn! No, it\'ll fetch things indeed to herself, and the court.','I\'ve been changed in the face. \'I\'ll put a stop to this,\' she said this, she looked down into its nest. Alice crouched down among the branches, and every now and then hurried on, Alice started to.',21,0,0,'2017-12-05 11:37:37','2021-07-17 20:43:08'),(88,57,2,'When the Cat. \'I\'d nearly as well as well to the Mouse\'s tail; \'but if it might as she very.','Alice crouched down among the trees under which she concluded that it might appear to others that what you mean,\' the March Hare said to herself, (not in a very poor speaker,\' said the Mouse. \'--I.',39,1,0,'2017-10-12 00:32:53','2020-08-31 07:19:43'),(89,10,6,'Run home this side of THAT direction,\' the little thing before, and had got altered.\' \'It isn\'t.','Quick, now!\' And Alice was only the pepper that makes people hot-tempered,\' she went on again:-- \'You may not have lived much under the door; so either way I\'ll get into her face, and large eyes.',96,1,1,'2019-07-16 05:55:02','2021-07-17 20:43:08'),(90,77,10,'I\'d been running a sulky tone; \'at least idea how it to grow large caterpillar, that person, I\'ll.','Hare will be When they take us up and said, \'It WAS a narrow escape!\' said Alice, looking down at her own ears for having missed their turns, and she went on eagerly: \'There is such a capital one.',39,0,1,'2012-04-02 19:15:06','2021-07-17 20:43:08'),(91,55,8,'Alice heard of green leaves that ever was ready to them,\' thought Alice, who looked under sentence.','Alice, a good deal until she had never forgotten that, if you were me?\' \'Well, perhaps your feelings may be ONE.\' \'One, indeed!\' said the King, and the arm that was said, and went on growing, and,.',17,1,1,'2020-08-27 01:50:32','2021-07-17 20:43:08'),(92,45,6,'King, with its little Alice whispered, \'that saves a minute, trying to himself upon their heads of.','Alice, who felt ready to talk nonsense. The Queen\'s Croquet-Ground A large rose-tree stood near the right way of settling all difficulties, great or small. \'Off with his whiskers!\' For some minutes.',32,1,1,'2013-09-18 01:54:33','2021-07-17 20:43:08'),(93,60,9,'I can find that case with his book, but she had drunk quite forgotten the rosetree; for, you join.','I only wish people knew that: then they both cried. \'Wake up, Dormouse!\' And they pinched it on both sides of the other was sitting on a branch of a sea of green leaves that lay far below her. \'What.',93,0,1,'2020-06-06 13:42:04','2021-07-17 20:43:08'),(94,63,5,'Alice: \'three inches deep well. Either the distance. \'And so dreadfully ugly child: but the earth.','There was certainly English. \'I don\'t know what \"it\" means well enough, when I got up in such long curly brown hair! And it\'ll fetch things when you come to an end! \'I wonder what they\'ll do well.',93,1,1,'2017-05-08 12:34:21','2021-07-17 20:43:08'),(95,35,3,'For some attempts at tea-time. Dinah at the sneeze of little house, \"Let us three inches high:.','Majesty,\' said Two, in a trembling voice to a mouse, you know. Come on!\' So they had been jumping about like mad things all this time. \'I want a clean cup,\' interrupted the Hatter: \'it\'s very rude.\'.',77,0,0,'2017-12-05 11:15:12','2021-07-17 20:43:08'),(96,85,6,'Queen to-day?\' \'I see!\' said to Alice, \'and see a Canary called the house before she is Bill,\'.','And here poor Alice began telling them her adventures from the Queen was in the court!\' and the baby--the fire-irons came first; then followed a shower of little Alice and all the time at the.',58,1,1,'2013-03-24 06:22:19','2021-07-17 20:43:08'),(97,19,1,'Queen, who might do THAT is--\"Take care where--\' said the wood,\' continued the Owl had a lesson to.','In a minute or two, looking for eggs, as it was the first sentence in her hands, wondering if anything would EVER happen in a fight with another hedgehog, which seemed to be true): If she should.',84,1,1,'2015-11-13 17:06:06','2021-07-17 20:43:08'),(98,40,2,'The Queen had no result seemed inclined to come the Gryphon, \'that they saw one, but she wandered.','Alice. \'Then it ought to be otherwise.\"\' \'I think you can find them.\' As she said to Alice, and she put her hand again, and did not at all know whether it would make with the bread-knife.\' The March.',10,1,0,'2012-01-16 19:20:37','2021-07-17 20:43:08'),(99,44,2,'KNOW IT TO BE TRUE--\" that\'s all directions, \'just like cats or two, You see, as if it was going.','Alice alone with the next verse,\' the Gryphon added \'Come, let\'s hear some of the Nile On every golden scale! \'How cheerfully he seems to be two people! Why, there\'s hardly enough of me left to make.',96,0,1,'2016-04-17 02:36:07','2021-07-17 20:43:08'),(100,99,2,'MARMALADE\', but now and was no pleasing them!\' When they used to this,\' she knows it a voice in.','Gryphon, and the executioner myself,\' said the Hatter. He came in with the Lory, who at last in the sea. The master was an immense length of neck, which seemed to Alice again. \'No, I didn\'t,\' said.',21,0,1,'2016-11-09 06:20:48','2021-07-17 20:43:08');
/*!40000 ALTER TABLE `posts` ENABLE KEYS */;
UNLOCK TABLES;

--
-- Table structure for table `profiles`
--

DROP TABLE IF EXISTS `profiles`;
/*!40101 SET @saved_cs_client     = @@character_set_client */;
/*!50503 SET character_set_client = utf8mb4 */;
CREATE TABLE `profiles` (
  `user_id` int unsigned NOT NULL COMMENT 'Ссылка на пользователя',
  `gender` char(1) CHARACTER SET utf8mb4 COLLATE utf8mb4_unicode_ci NOT NULL COMMENT 'Пол',
  `birthday` date DEFAULT NULL COMMENT 'Дата рождения',
  `city_id` int unsigned DEFAULT NULL COMMENT 'Ссылка на город проживания',
  `created_at` datetime DEFAULT CURRENT_TIMESTAMP COMMENT 'Время создания строки',
  `updated_at` datetime DEFAULT CURRENT_TIMESTAMP ON UPDATE CURRENT_TIMESTAMP COMMENT 'Время обновления строки',
  PRIMARY KEY (`user_id`),
  KEY `profiles_city_id_fk` (`city_id`),
  CONSTRAINT `profiles_city_id_fk` FOREIGN KEY (`city_id`) REFERENCES `cities` (`id`) ON DELETE SET NULL ON UPDATE RESTRICT,
  CONSTRAINT `profiles_user_id_fk` FOREIGN KEY (`user_id`) REFERENCES `users` (`id`) ON DELETE CASCADE
) ENGINE=InnoDB DEFAULT CHARSET=utf8mb4 COLLATE=utf8mb4_unicode_ci COMMENT='Профили';
/*!40101 SET character_set_client = @saved_cs_client */;

--
-- Dumping data for table `profiles`
--

LOCK TABLES `profiles` WRITE;
/*!40000 ALTER TABLE `profiles` DISABLE KEYS */;
INSERT INTO `profiles` VALUES (1,'m','2003-12-22',1,'2016-08-13 06:12:48','2021-06-16 17:11:32'),(2,'m','2004-11-05',2,'2019-10-31 20:01:50','2021-06-26 22:06:48'),(3,'m','2019-08-02',3,'2017-01-10 12:31:18','2021-06-19 16:10:57'),(4,'f','1978-09-04',4,'2013-03-24 17:24:54','2021-06-20 01:01:58'),(5,'m','1978-04-25',5,'2014-04-05 13:26:53','2021-06-28 10:55:35'),(6,'m','2016-12-13',6,'2017-12-09 23:54:14','2021-06-26 08:08:16'),(7,'f','1985-09-02',7,'2018-07-27 20:52:04','2021-06-11 03:00:56'),(8,'m','1998-05-02',8,'2020-07-22 23:03:29','2021-06-19 09:11:05'),(9,'m','2008-08-14',9,'2017-06-14 01:03:40','2021-07-05 16:55:44'),(10,'f','2017-12-05',10,'2018-06-26 10:39:32','2021-06-23 01:03:46'),(11,'m','1978-01-01',11,'2016-12-10 16:42:39','2021-06-29 21:31:01'),(12,'f','2015-05-10',12,'2016-03-29 02:08:22','2021-06-26 11:33:08'),(13,'m','1992-07-26',13,'2012-12-08 16:57:10','2021-06-11 00:24:46'),(14,'m','1995-07-09',14,'2020-04-12 01:45:15','2021-06-30 12:51:38'),(15,'f','2005-09-06',15,'2012-03-20 01:56:08','2021-06-22 21:53:05'),(16,'m','2020-05-06',16,'2019-09-20 04:06:27','2021-06-11 06:05:21'),(17,'m','2011-08-02',17,'2021-03-29 12:20:33','2021-06-24 03:47:10'),(18,'m','1998-03-08',18,'2013-09-15 16:27:01','2021-06-29 02:55:21'),(19,'m','1974-12-28',19,'2017-05-15 03:24:24','2021-07-06 14:36:11'),(20,'m','2002-05-03',20,'2014-08-30 15:48:50','2021-06-17 10:27:44'),(21,'f','1988-06-11',21,'2021-01-26 22:00:22','2021-06-23 06:38:26'),(22,'m','1990-01-02',22,'2019-06-02 17:31:04','2021-06-30 06:22:11'),(23,'f','1988-07-10',23,'2016-04-17 04:55:14','2021-06-16 11:59:37'),(24,'m','1975-09-17',24,'2015-04-28 05:01:09','2021-06-23 17:29:55'),(25,'m','1999-04-08',25,'2021-06-10 08:09:59','2021-06-30 18:16:39'),(26,'m','2005-07-31',26,'2015-10-29 19:08:35','2021-07-05 03:41:58'),(27,'m','1973-03-11',27,'2015-04-10 02:54:04','2021-06-30 10:30:02'),(28,'f','2017-12-17',28,'2013-07-03 17:12:56','2021-06-13 22:16:28'),(29,'f','1996-10-06',29,'2016-03-01 06:25:51','2021-06-10 09:31:48'),(30,'m','1987-11-08',30,'2011-07-30 14:24:07','2021-06-29 19:47:00'),(31,'f','1992-04-25',31,'2011-12-19 06:01:10','2021-06-16 12:29:26'),(32,'m','1971-06-22',32,'2011-12-28 05:15:44','2021-06-23 08:51:21'),(33,'f','1982-03-01',33,'2013-12-04 19:40:37','2021-06-24 19:33:43'),(34,'m','2011-07-25',34,'2015-07-26 04:51:19','2021-07-07 22:27:30'),(35,'f','2005-08-10',35,'2011-12-12 06:23:38','2021-06-24 03:44:10'),(36,'f','1975-05-10',36,'2014-10-07 01:56:42','2021-07-01 17:54:38'),(37,'m','1978-04-02',37,'2019-03-02 11:37:07','2021-06-20 13:24:04'),(38,'f','1991-03-27',38,'2011-08-29 06:46:18','2021-06-18 15:56:33'),(39,'f','2000-09-06',39,'2013-04-27 20:16:36','2021-07-08 17:05:55'),(40,'f','1988-11-15',40,'2016-09-24 00:44:33','2021-06-15 20:29:48'),(41,'f','2017-02-14',41,'2018-05-05 22:27:35','2021-06-22 04:20:57'),(42,'m','2015-10-05',42,'2021-02-25 22:30:20','2021-06-15 10:58:16'),(43,'f','1977-04-13',43,'2014-08-30 11:13:35','2021-07-01 01:54:51'),(44,'f','1995-01-12',44,'2015-08-02 23:27:19','2021-06-16 20:54:04'),(45,'f','2004-05-14',45,'2020-12-10 20:18:00','2021-07-01 02:33:52'),(46,'m','2002-08-13',46,'2013-06-17 16:15:51','2021-06-23 16:43:48'),(47,'f','2004-04-27',47,'2011-11-26 16:45:12','2021-06-14 15:03:37'),(48,'f','1976-04-06',48,'2020-09-19 07:10:12','2021-06-12 20:22:33'),(49,'f','2005-04-25',49,'2020-08-09 04:40:45','2021-06-16 05:10:35'),(50,'f','1976-09-19',50,'2019-11-08 20:40:45','2021-06-16 16:01:31'),(51,'m','1984-12-03',1,'2020-05-02 07:03:28','2021-07-07 07:25:00'),(52,'m','1999-01-12',2,'2016-03-08 04:04:56','2021-06-09 22:22:54'),(53,'m','1976-11-04',3,'2013-11-15 18:33:29','2021-06-25 00:14:40'),(54,'m','1980-01-16',4,'2017-08-30 02:28:33','2021-07-03 14:15:11'),(55,'m','2012-10-10',5,'2013-03-20 15:49:11','2021-06-11 01:24:01'),(56,'m','2008-05-15',6,'2016-05-27 07:44:02','2021-07-08 05:52:16'),(57,'f','2001-10-23',7,'2012-05-04 16:55:34','2021-06-16 17:57:37'),(58,'f','2012-08-18',8,'2017-09-16 20:43:07','2021-07-03 10:57:06'),(59,'f','1991-08-03',9,'2016-05-08 23:29:54','2021-06-09 17:08:34'),(60,'m','1971-11-01',10,'2018-01-29 15:51:38','2021-06-20 11:48:33'),(61,'f','1990-11-10',11,'2013-12-16 02:13:14','2021-06-23 12:23:06'),(62,'f','2007-11-26',12,'2015-06-02 10:05:12','2021-07-05 21:20:48'),(63,'f','1982-07-13',13,'2013-12-12 13:08:35','2021-06-21 21:33:27'),(64,'m','1975-06-07',14,'2017-01-08 19:15:05','2021-06-25 03:31:49'),(65,'m','2006-09-28',15,'2014-05-20 21:23:33','2021-06-23 05:09:45'),(66,'m','1970-08-31',16,'2015-07-11 16:09:33','2021-07-04 03:35:43'),(67,'m','2010-11-28',17,'2016-01-31 08:41:03','2021-07-04 04:03:24'),(68,'f','2014-01-20',18,'2018-11-11 20:25:29','2021-07-06 18:23:32'),(69,'f','1978-10-08',19,'2014-08-23 18:41:07','2021-06-22 16:52:07'),(70,'m','2012-05-15',20,'2017-09-16 12:51:26','2021-07-08 00:59:20'),(71,'m','1988-11-05',21,'2020-02-25 15:21:17','2021-06-28 07:07:48'),(72,'m','2007-06-08',22,'2021-04-09 15:38:54','2021-06-20 13:10:58'),(73,'m','2006-11-22',23,'2015-02-28 06:29:11','2021-06-27 06:21:58'),(74,'f','2016-04-23',24,'2015-01-19 00:02:45','2021-06-12 08:34:11'),(75,'f','1989-04-18',25,'2016-10-12 11:31:42','2021-06-26 03:40:03'),(76,'f','2005-08-02',26,'2013-11-10 23:43:08','2021-06-25 02:13:07'),(77,'f','1989-12-22',27,'2019-04-08 04:36:58','2021-07-05 21:29:34'),(78,'f','1975-11-21',28,'2020-11-02 19:59:48','2021-07-04 17:51:20'),(79,'f','2009-02-10',29,'2020-12-27 18:26:58','2021-06-14 15:23:44'),(80,'m','1973-07-14',30,'2018-09-27 22:56:08','2021-06-28 05:41:56'),(81,'m','1987-03-03',31,'2015-06-01 17:34:27','2021-06-11 09:59:27'),(82,'f','2018-08-06',32,'2014-10-22 09:30:30','2021-06-15 19:42:09'),(83,'f','2019-07-09',33,'2015-10-25 12:17:44','2021-06-11 14:35:25'),(84,'m','1990-02-23',34,'2018-10-13 00:42:14','2021-06-22 13:48:28'),(85,'f','2012-06-04',35,'2021-01-22 10:14:30','2021-07-01 01:09:39'),(86,'f','1984-08-23',36,'2018-04-20 22:52:24','2021-07-02 20:15:52'),(87,'f','1975-06-18',37,'2021-05-11 21:02:52','2021-06-26 18:14:55'),(88,'m','1998-09-07',38,'2016-10-01 03:18:49','2021-06-17 16:25:01'),(89,'m','1992-07-02',39,'2014-11-06 22:39:30','2021-06-30 10:27:20'),(90,'m','2000-03-30',40,'2015-06-17 06:11:19','2021-06-21 15:02:09'),(91,'m','1972-12-21',41,'2017-06-14 19:24:45','2021-07-03 06:11:10'),(92,'f','1982-04-06',42,'2014-10-08 16:59:36','2021-07-01 01:31:20'),(93,'f','1981-04-24',43,'2020-05-27 08:41:39','2021-06-16 11:56:54'),(94,'m','2002-01-27',44,'2020-02-12 07:23:59','2021-06-20 02:08:09'),(95,'f','2012-12-09',45,'2013-03-09 14:00:25','2021-06-25 06:10:05'),(96,'f','2019-08-23',46,'2016-10-25 11:25:25','2021-07-08 05:59:05'),(97,'f','2006-12-11',47,'2017-12-31 22:47:56','2021-06-09 01:45:48'),(98,'f','1978-07-10',48,'2017-11-19 15:27:12','2021-06-30 22:47:10'),(99,'f','1977-07-25',49,'2014-04-24 13:31:11','2021-06-23 07:32:37'),(100,'f','1997-01-19',50,'2012-10-16 11:29:58','2021-07-07 12:06:10');
/*!40000 ALTER TABLE `profiles` ENABLE KEYS */;
UNLOCK TABLES;

--
-- Table structure for table `users`
--

DROP TABLE IF EXISTS `users`;
/*!40101 SET @saved_cs_client     = @@character_set_client */;
/*!50503 SET character_set_client = utf8mb4 */;
CREATE TABLE `users` (
  `id` int unsigned NOT NULL AUTO_INCREMENT COMMENT 'Идентификатор строки',
  `first_name` varchar(100) CHARACTER SET utf8mb4 COLLATE utf8mb4_unicode_ci NOT NULL COMMENT 'Имя пользователя',
  `last_name` varchar(100) CHARACTER SET utf8mb4 COLLATE utf8mb4_unicode_ci NOT NULL COMMENT 'Фамилия пользователя',
  `email` varchar(100) CHARACTER SET utf8mb4 COLLATE utf8mb4_unicode_ci NOT NULL COMMENT 'Почта',
  `phone` varchar(100) CHARACTER SET utf8mb4 COLLATE utf8mb4_unicode_ci NOT NULL COMMENT 'Телефон',
  `created_at` datetime DEFAULT CURRENT_TIMESTAMP COMMENT 'Время создания строки',
  `updated_at` datetime DEFAULT CURRENT_TIMESTAMP ON UPDATE CURRENT_TIMESTAMP COMMENT 'Время обновления строки',
  PRIMARY KEY (`id`),
  UNIQUE KEY `email` (`email`),
  UNIQUE KEY `phone` (`phone`)
) ENGINE=InnoDB AUTO_INCREMENT=101 DEFAULT CHARSET=utf8mb4 COLLATE=utf8mb4_unicode_ci COMMENT='Пользователи';
/*!40101 SET character_set_client = @saved_cs_client */;

--
-- Dumping data for table `users`
--

LOCK TABLES `users` WRITE;
/*!40000 ALTER TABLE `users` DISABLE KEYS */;
INSERT INTO `users` VALUES (1,'Destin','Lockman','stephen.pfeffer@example.org','(022)923-9406','2015-02-21 23:02:57','2021-06-25 00:59:54'),(2,'Jewell','McCullough','ullrich.jana@example.com','1-544-718-9759','2017-03-16 09:21:37','2021-07-05 11:51:14'),(3,'Lionel','Denesik','casper.camron@example.com','657-414-0602x58174','2011-11-28 20:45:26','2021-06-24 02:27:46'),(4,'Jackie','Wehner','lowe.albertha@example.com','(806)293-5417x8483','2017-12-05 06:58:35','2021-06-29 09:00:41'),(5,'Alexandra','Hahn','monserrate81@example.org','935-496-9330','2016-10-21 23:56:38','2021-06-20 02:37:39'),(6,'Perry','Franecki','lonnie.runolfsson@example.org','385-722-6892','2020-07-30 20:03:40','2021-06-15 02:19:36'),(7,'Laura','Mayert','nader.amely@example.org','+60(8)4407832731','2011-08-23 06:23:23','2021-07-02 08:15:18'),(8,'Brielle','Barton','blanda.raegan@example.org','969.461.5757x25077','2018-12-21 11:38:19','2021-06-30 04:21:18'),(9,'Adelle','Ziemann','kyleigh76@example.org','1-002-760-2175x722','2017-08-12 20:45:09','2021-06-25 15:37:36'),(10,'Brianne','Crist','leila.torp@example.com','(387)762-9616x81409','2015-02-17 14:14:08','2021-07-01 02:39:22'),(11,'Eleazar','Pfeffer','gerson97@example.org','(785)393-8461','2021-04-21 17:56:33','2021-06-24 01:25:49'),(12,'Raleigh','Ritchie','sanford.alda@example.com','08710385845','2021-02-23 14:03:17','2021-06-28 18:25:08'),(13,'Alena','Rogahn','gcollins@example.net','1-648-773-5761x8430','2014-12-12 18:08:47','2021-06-10 04:56:33'),(14,'Kadin','Haag','michale46@example.net','1-305-375-2239x21598','2020-10-28 22:31:45','2021-06-24 11:51:35'),(15,'Kory','Hauck','parisian.jaydon@example.net','1-980-734-4964','2014-09-12 04:46:19','2021-06-15 22:23:08'),(16,'Enrique','Schmidt','kihn.thalia@example.net','(195)603-8787','2011-11-12 12:50:04','2021-06-26 01:29:13'),(17,'Jordon','O\'Conner','qbecker@example.net','631-358-0031','2018-07-17 21:49:03','2021-06-14 07:47:05'),(18,'Alexie','Upton','guillermo71@example.com','228-635-7432x3231','2017-03-19 23:42:08','2021-07-07 22:18:29'),(19,'Magdalena','Renner','pquitzon@example.net','1-490-358-7142x247','2012-12-17 19:44:56','2021-06-11 00:39:42'),(20,'Corine','Ankunding','ward.caesar@example.org','453.879.8300','2015-01-10 03:53:10','2021-07-08 13:36:38'),(21,'Destinee','Lakin','mallory33@example.com','333-652-4762x23890','2021-02-18 06:38:06','2021-06-15 12:59:57'),(22,'Keara','Beier','derrick21@example.net','+25(1)0554679643','2017-01-06 07:04:39','2021-06-19 10:40:36'),(23,'Damian','Kuhn','leatha.gerhold@example.com','1-926-105-5344','2012-10-20 10:39:07','2021-06-20 18:01:32'),(24,'Antonietta','Goodwin','streich.jaycee@example.org','06344182426','2018-08-04 07:48:49','2021-06-27 08:25:00'),(25,'Zena','Brown','ihayes@example.com','506.431.5652','2014-03-28 23:06:19','2021-06-25 16:32:52'),(26,'Cloyd','Schumm','linwood45@example.org','271.277.0785x360','2012-08-06 09:45:14','2021-06-27 13:54:03'),(27,'Jefferey','Ruecker','nestor15@example.org','(839)709-2408','2018-10-11 03:08:51','2021-06-27 10:54:02'),(28,'Reilly','Larson','connor27@example.net','+30(9)6682367129','2021-06-10 16:34:06','2021-07-07 23:58:34'),(29,'Francesca','Satterfield','bking@example.net','1-621-050-8279x1440','2018-09-28 07:53:56','2021-06-30 22:41:39'),(30,'Charity','Turcotte','purdy.abner@example.net','(264)747-9761','2014-01-24 18:12:57','2021-06-21 04:47:53'),(31,'Reid','O\'Hara','rocio.adams@example.com','(964)628-4909x470','2011-10-07 15:14:30','2021-06-08 23:39:03'),(32,'Paxton','Denesik','jerald47@example.org','372.061.2911','2011-11-05 05:07:44','2021-06-26 04:42:16'),(33,'Kennith','Mosciski','pnader@example.net','1-639-977-8024x62318','2017-09-10 07:52:15','2021-07-01 21:10:12'),(34,'Juvenal','Ankunding','shermiston@example.com','844-359-8951','2014-01-02 16:16:17','2021-07-02 10:33:01'),(35,'Roger','Brown','jessyca49@example.org','+15(7)0811242076','2012-11-10 22:05:55','2021-06-21 04:22:42'),(36,'Amira','Lesch','lstrosin@example.com','01260209335','2014-12-11 20:17:51','2021-07-06 01:51:32'),(37,'Jarred','Cronin','krempel@example.org','00140616133','2018-04-02 04:13:33','2021-06-10 04:25:34'),(38,'Presley','Schmitt','russell91@example.net','1-758-797-2879','2013-09-07 14:08:47','2021-07-07 13:54:04'),(39,'Emmie','Orn','heath28@example.net','(504)269-3008x764','2013-06-01 03:58:19','2021-06-22 06:45:14'),(40,'Sarai','Weber','gerlach.mylene@example.net','1-823-405-4379','2018-12-16 07:36:40','2021-07-06 15:07:52'),(41,'Golda','Jenkins','dokuneva@example.com','1-986-914-5705x93655','2013-01-01 19:59:03','2021-06-23 18:34:21'),(42,'Billy','Denesik','fjerde@example.org','1-490-226-8085x0444','2018-08-24 13:54:11','2021-06-17 05:31:01'),(43,'Landen','Walter','balistreri.lora@example.org','+34(9)4235690248','2020-10-12 12:48:10','2021-07-03 02:25:11'),(44,'Will','Spencer','jamal26@example.com','(047)441-7890x3077','2017-01-16 13:09:58','2021-06-16 22:17:28'),(45,'Johann','O\'Conner','emely70@example.com','+70(6)0313816788','2018-06-10 07:17:25','2021-06-22 00:54:28'),(46,'Frances','Jerde','sibyl41@example.org','341-620-2098','2014-06-03 14:11:59','2021-06-17 01:43:38'),(47,'Ena','Simonis','mkris@example.com','395-179-3939x5612','2016-04-05 21:05:38','2021-06-11 11:52:02'),(48,'Lorena','Heathcote','wyatt11@example.net','+17(5)8310719976','2016-09-30 07:35:15','2021-06-25 12:33:39'),(49,'Lavina','Brown','matilde.keeling@example.org','1-966-311-8111','2011-08-30 07:00:20','2021-07-04 10:16:40'),(50,'Marcellus','McGlynn','west.sigrid@example.net','+71(7)4633563913','2020-10-27 03:11:09','2021-06-12 21:39:23'),(51,'Kayli','Berge','enola.turner@example.com','416-629-6388x90617','2020-04-01 22:40:57','2021-06-09 08:13:38'),(52,'Nettie','Little','christina.crona@example.org','1-651-167-6224x8942','2013-05-24 05:34:57','2021-06-28 19:59:57'),(53,'Jordan','Dicki','mccullough.cyrus@example.net','(219)494-3720x975','2015-04-11 22:05:00','2021-07-01 08:56:24'),(54,'Harley','Morissette','baumbach.burley@example.com','1-046-353-0300','2019-03-12 11:50:17','2021-06-15 14:43:17'),(55,'Amara','Harvey','schmeler.nellie@example.com','1-084-821-9831x4660','2020-09-04 22:38:08','2021-06-20 01:25:02'),(56,'Neil','Greenfelder','steuber.kamille@example.com','(496)490-9836x341','2017-11-14 00:31:58','2021-06-12 07:07:31'),(57,'Trever','Murray','wmacejkovic@example.net','(566)322-3533','2014-03-16 06:34:18','2021-06-30 05:19:01'),(58,'Domenica','Maggio','mdaniel@example.net','295-193-9618x8730','2017-01-06 18:34:27','2021-06-16 15:33:00'),(59,'Delia','Emmerich','nikko.moen@example.net','(852)157-2363x41327','2016-08-02 11:00:36','2021-07-06 03:01:05'),(60,'Carley','Hoeger','elmira.ernser@example.net','1-822-216-7856x662','2019-11-22 12:29:38','2021-06-13 17:39:58'),(61,'Tatum','Fay','javon80@example.org','05760321929','2020-03-08 11:12:42','2021-06-11 18:39:55'),(62,'Luigi','Graham','ashlynn.russel@example.com','1-258-886-0378x1559','2016-06-05 12:52:01','2021-06-25 22:32:27'),(63,'Dominique','Crona','corbin41@example.net','619.227.8767x14919','2012-04-27 05:20:46','2021-06-27 09:09:34'),(64,'Christa','Kirlin','eric72@example.net','561.502.3216x348','2018-11-02 11:13:40','2021-07-01 23:50:42'),(65,'Nils','Bruen','ubechtelar@example.org','1-162-381-1680','2021-02-21 11:31:40','2021-06-13 05:08:52'),(66,'Ethel','Yundt','rmcdermott@example.com','1-227-037-3482','2014-05-24 22:15:51','2021-07-07 23:11:24'),(67,'Caterina','Bosco','gillian41@example.net','1-733-436-1756x7235','2013-10-12 01:38:38','2021-06-24 22:19:43'),(68,'Kelli','Langworth','nola48@example.org','1-319-865-1031','2013-05-20 11:53:09','2021-06-25 10:23:48'),(69,'Emerson','Lemke','annabelle75@example.net','1-364-007-0227','2015-12-26 05:59:36','2021-07-05 09:35:54'),(70,'Wendy','Ernser','zjacobs@example.org','+72(7)5280338984','2018-05-19 22:55:24','2021-06-11 04:26:15'),(71,'Shayne','Maggio','o\'reilly.keanu@example.org','324-385-8591x0230','2016-09-16 03:40:43','2021-06-11 17:23:57'),(72,'Trinity','Connelly','gwolf@example.net','794-394-5146x0952','2015-11-11 18:31:20','2021-07-07 19:08:26'),(73,'Jackeline','Ullrich','esperanza.gusikowski@example.com','188.510.2288','2013-01-23 07:59:44','2021-07-05 12:11:33'),(74,'Ottis','Boyle','parisian.penelope@example.com','06028164680','2016-12-28 18:07:54','2021-06-09 05:21:13'),(75,'Kristy','Becker','gabriel90@example.net','908.474.9082','2017-03-12 14:30:51','2021-06-24 08:50:09'),(76,'Gay','O\'Connell','kaleb.mclaughlin@example.com','1-519-551-0836x380','2015-08-03 17:33:00','2021-06-26 08:18:22'),(77,'Lisandro','Wisozk','sgutmann@example.com','01166609646','2017-10-17 21:17:50','2021-06-13 08:10:53'),(78,'Derek','Hettinger','tdoyle@example.net','058-720-7082x20158','2021-03-15 23:42:09','2021-06-18 10:49:47'),(79,'Ernestine','Nicolas','marjolaine10@example.net','826-456-8577x217','2017-06-30 04:23:33','2021-06-12 19:44:05'),(80,'Marina','Stanton','romaguera.mertie@example.com','(675)183-7210x549','2012-08-30 00:07:26','2021-06-26 08:55:11'),(81,'Minnie','Emmerich','simeon.kilback@example.com','595.809.3560x7743','2020-11-05 04:03:41','2021-07-06 04:39:15'),(82,'Mireya','Kertzmann','else81@example.com','1-069-548-0727x642','2021-06-02 18:06:52','2021-07-12 00:05:52'),(83,'Connie','Hirthe','theaney@example.net','(101)488-3679x27456','2020-08-28 19:47:32','2021-07-01 03:53:43'),(84,'Winnifred','Jacobson','iswaniawski@example.com','(274)412-2971x7815','2020-03-10 16:19:52','2021-07-03 16:00:17'),(85,'Ernestine','Miller','chet.wiza@example.net','277-064-6288x869','2020-05-30 13:28:08','2021-07-06 16:49:44'),(86,'Blake','Metz','kenton.kozey@example.com','(622)981-5289x3806','2017-08-23 05:09:59','2021-07-02 11:47:49'),(87,'Broderick','Hodkiewicz','erodriguez@example.com','377.313.7164','2012-02-17 15:06:56','2021-06-19 02:40:43'),(88,'Lesley','Stiedemann','miller.morar@example.com','233.463.8050x879','2016-11-14 04:40:46','2021-06-14 11:23:45'),(89,'Maurice','Kemmer','roberta75@example.org','(490)914-4276x9039','2018-11-21 15:43:43','2021-06-16 07:15:12'),(90,'Elise','Kihn','roma90@example.com','(819)283-2470x78273','2013-08-01 06:31:52','2021-06-23 07:36:18'),(91,'Orrin','Blanda','sadye.lemke@example.org','722-220-7526x2923','2013-03-14 05:08:39','2021-06-22 10:29:49'),(92,'Ozella','Waters','neal38@example.org','186.410.4885','2015-10-07 14:51:56','2021-07-04 07:57:19'),(93,'Rowland','McKenzie','dare.sigrid@example.net','474-488-7204x422','2020-06-30 00:15:00','2021-06-28 17:30:45'),(94,'Warren','Sipes','buckridge.ara@example.net','324.299.3430x81836','2014-02-16 05:43:50','2021-06-17 05:05:23'),(95,'Jimmy','Prosacco','klocko.elinor@example.org','237-023-7024x6017','2015-02-28 10:27:34','2021-07-04 04:04:57'),(96,'Rosalee','Johnston','deron52@example.com','+46(5)6677310814','2014-02-02 16:32:29','2021-06-11 02:02:34'),(97,'Meaghan','Adams','orie.flatley@example.net','+40(4)4737474858','2015-01-07 02:52:33','2021-06-21 11:18:20'),(98,'Marguerite','Larkin','corbin.zulauf@example.org','1-858-533-9646','2021-05-17 04:59:18','2021-06-25 04:23:35'),(99,'Jared','Swaniawski','schuster.christopher@example.net','454-911-7507x0365','2017-06-15 01:49:32','2021-07-02 21:49:56'),(100,'Harold','Weimann','alec.hilll@example.net','+23(9)1604337634','2012-12-17 05:42:22','2021-07-02 07:42:31');
/*!40000 ALTER TABLE `users` ENABLE KEYS */;
UNLOCK TABLES;
/*!40103 SET TIME_ZONE=@OLD_TIME_ZONE */;

/*!40101 SET SQL_MODE=@OLD_SQL_MODE */;
/*!40014 SET FOREIGN_KEY_CHECKS=@OLD_FOREIGN_KEY_CHECKS */;
/*!40014 SET UNIQUE_CHECKS=@OLD_UNIQUE_CHECKS */;
/*!40101 SET CHARACTER_SET_CLIENT=@OLD_CHARACTER_SET_CLIENT */;
/*!40101 SET CHARACTER_SET_RESULTS=@OLD_CHARACTER_SET_RESULTS */;
/*!40101 SET COLLATION_CONNECTION=@OLD_COLLATION_CONNECTION */;
/*!40111 SET SQL_NOTES=@OLD_SQL_NOTES */;

-- Dump completed on 2021-07-17 21:44:19
